Source File	Size	loadResources	load	generateSnapshots	load-configure	scan	loadDepInfo	loadInfo	checkR4R4B	generateNarratives	validate	loadLists	checkConformanceResources	checkConformanceResources2	checkConformanceResources3	generateLogicalMaps	validateExpressions	scanForUsageStats	checkURLsUnique	processProvenanceDetails	translate	generate1	generate2	generateLogicals	makeDependencies	generateExampleZip	generateValidationPack	scanProfilesForR5	scanExamplesForR5
/fsh-generated/resources/ImplementationGuide-mii-ig-onko-de-v2026.json	185562	-	0	0	1	0	0	0	20	172	0	0	0	0	0	0	0	3	0	0	60	452	3150	0	0	0	17	0	9
fsh-generated/resources/AdverseEvent-mii-exa-onko-oxaliplatin-neuropathy.json	1373	3	0	0	1	0	0	0	0	55	0	0	0	0	0	0	0	0	0	0	18	12	96	0	0	1	0	0	0
fsh-generated/resources/AdverseEvent-mii-pr-onko-nebenwirkung-0.json	884	2	0	0	0	0	0	0	0	6	0	0	0	0	0	0	0	0	0	0	9	6	30	0	0	0	0	0	0
fsh-generated/resources/AdverseEvent-mii-pr-onko-nebenwirkung-text.json	742	1	0	0	0	0	0	0	0	7	0	0	0	0	0	0	0	0	0	0	6	5	23	0	0	0	0	0	0
fsh-generated/resources/Bundle-mii-exa-onko-folfox-workflow-bundle.json	38320	6	35	0	0	0	0	0	1	766	0	0	0	0	0	0	0	0	0	0	7	79	285	0	0	0	0	0	0
fsh-generated/resources/Bundle-mii-exa-onko-krk-bundle.json	17065	4	17	0	0	0	0	0	1	281	0	0	0	0	0	0	0	0	0	0	4	34	132	0	0	0	0	0	1
fsh-generated/resources/Bundle-mii-exa-onko-mamma-example-bundle-1.json	12531	2	3	0	0	0	0	0	1	11	0	0	0	0	0	0	0	0	0	0	3	18	69	0	0	0	0	0	0
fsh-generated/resources/Bundle-mii-exa-onko-melanom-bundle.json	13453	3	5	0	0	0	0	0	0	40	0	0	0	0	0	0	0	0	0	0	3	105	169	0	0	0	0	0	0
fsh-generated/resources/Bundle-mii-exa-onko-prostata-example-bundle-1.json	15975	3	4	0	0	0	0	0	1	13	0	0	0	0	0	0	0	0	0	0	4	211	185	0	0	0	0	0	0
fsh-generated/resources/CapabilityStatement-mii-cps-onko-capabilitystatement.json	89659	7	0	0	0	0	0	0	3	88	0	0	0	0	0	0	0	1	0	0	4	206	186	0	1	0	5	0	1
fsh-generated/resources/CarePlan-PatientKimMusterperson-Tumorkonferenz-1.json	2020	1	0	0	1	0	0	0	0	8	0	0	0	0	0	0	0	0	0	0	3	22	16	0	0	0	0	0	0
fsh-generated/resources/CarePlan-PatientKimMusterperson-Tumorkonferenz-2.json	1406	2	0	0	0	0	0	0	0	4	0	0	0	0	0	0	0	0	0	0	3	7	31	0	0	0	0	0	0
fsh-generated/resources/CarePlan-PatientKimMusterperson-Tumorkonferenz-3.json	1550	1	0	0	0	0	0	0	0	5	0	0	0	0	0	0	0	0	0	0	2	6	18	0	0	0	0	0	0
fsh-generated/resources/CarePlan-PatientKimMusterperson-Tumorkonferenz-4.json	1651	1	0	0	0	0	0	0	1	6	0	0	0	0	0	0	0	0	0	0	3	7	17	0	0	0	0	0	0
fsh-generated/resources/CarePlan-mii-exa-onko-tumorkonferenz-01.json	1006	1	0	0	0	0	0	0	0	5	0	0	0	0	0	0	0	0	0	0	3	5	11	0	0	0	0	0	0
fsh-generated/resources/CarePlan-mii-exa-onko-tumorkonferenz-02.json	1959	1	0	0	0	0	0	0	0	5	0	0	0	0	0	0	0	0	0	0	3	8	11	0	0	0	0	0	0
fsh-generated/resources/CarePlan-mii-exa-onko-tumorkonferenz-folfox-modification.json	1239	1	0	0	0	0	0	0	0	5	0	0	0	0	0	0	0	0	0	0	3	6	17	0	0	0	0	0	0
fsh-generated/resources/CarePlan-mii-exa-onko-tumorkonferenz-folfox.json	1201	1	0	0	0	0	0	0	0	4	0	0	0	0	0	0	0	0	0	0	3	9	18	0	0	0	0	0	0
fsh-generated/resources/CarePlan-mii-exa-onko-tumorkonferenz-mixed-approach.json	1481	1	0	0	1	0	0	0	0	6	0	0	0	0	0	0	0	0	0	0	3	8	17	0	0	0	0	0	0
fsh-generated/resources/CarePlan-mii-exa-onko-tumorkonferenz-molekular.json	2114	1	0	0	0	0	0	0	0	6	0	0	0	0	0	0	0	0	0	0	2	34	41	0	0	0	0	0	0
fsh-generated/resources/CarePlan-mii-exa-onko-tumorkonferenz-pure-molecular.json	1440	1	0	0	0	0	0	0	0	123	0	0	0	0	0	0	0	0	0	0	3	6	70	0	0	0	0	0	0
fsh-generated/resources/CodeSystem-mii-cs-onko-allgemeiner-leistungszustand-ecog.json	2046	2	0	0	0	0	0	0	0	8	0	0	1	0	0	0	0	0	0	0	3	11	93	0	0	0	1	0	0
fsh-generated/resources/CodeSystem-mii-cs-onko-allgemeiner-leistungszustand-karnofsky.json	1721	1	0	0	0	0	0	0	0	6	0	0	0	0	0	0	0	0	0	0	3	8	70	0	0	0	0	0	0
fsh-generated/resources/CodeSystem-mii-cs-onko-asa-obds.json	1937	1	0	0	0	0	0	0	0	5	0	0	0	0	0	0	0	0	0	0	3	136	63	0	0	0	0	0	0
fsh-generated/resources/CodeSystem-mii-cs-onko-fernmetastasen.json	1759	2	0	0	0	0	0	0	1	4	0	0	0	0	0	0	0	0	0	0	3	13	84	0	0	0	0	0	0
fsh-generated/resources/CodeSystem-mii-cs-onko-genetische-variante-auspraegung.json	1325	1	0	0	0	0	0	0	0	4	0	0	0	0	0	0	0	0	0	0	2	12	57	0	0	0	1	0	0
fsh-generated/resources/CodeSystem-mii-cs-onko-grading.json	1984	1	0	0	0	0	0	0	0	3	0	0	0	0	0	0	0	0	0	0	3	9	75	0	0	0	0	0	0
fsh-generated/resources/CodeSystem-mii-cs-onko-intention.json	1351	1	0	0	0	0	0	0	0	5	0	0	0	0	0	0	0	0	0	0	3	13	281	0	0	0	0	0	0
fsh-generated/resources/CodeSystem-mii-cs-onko-krk-anastomoseninsuffizienz.json	1435	1	0	0	0	0	0	0	0	3	0	0	0	0	0	0	0	0	0	0	3	160	38	0	0	0	0	0	0
fsh-generated/resources/CodeSystem-mii-cs-onko-krk-mrt-mesorektale-faszie-status.json	1584	1	0	0	0	0	0	0	0	4	0	0	1	0	0	0	0	0	0	0	3	9	34	0	0	0	1	0	0
fsh-generated/resources/CodeSystem-mii-cs-onko-krk-operationstyp.json	1433	1	0	0	0	0	0	0	0	3	0	0	0	0	0	0	0	0	0	0	3	17	34	0	0	0	0	0	0
fsh-generated/resources/CodeSystem-mii-cs-onko-krk-stoma-anzeichnung.json	1780	1	0	0	1	0	0	0	0	4	0	0	0	0	0	0	0	0	0	0	2	9	175	0	0	0	0	0	0
fsh-generated/resources/CodeSystem-mii-cs-onko-krk-tme-qualitaet.json	1074	1	0	0	0	0	0	0	1	2	0	0	0	0	0	0	0	0	0	0	3	8	41	0	0	0	0	0	0
fsh-generated/resources/CodeSystem-mii-cs-onko-mamma-her2neu-status-leitlinie.json	1722	1	0	0	0	0	0	0	0	6	0	0	0	0	0	0	0	0	0	0	2	10	33	0	0	0	0	0	0
fsh-generated/resources/CodeSystem-mii-cs-onko-mamma-her2neu-status-obds.json	1247	1	0	0	0	0	0	0	0	6	0	0	0	0	0	0	0	0	0	0	3	7	33	0	0	0	0	0	0
fsh-generated/resources/CodeSystem-mii-cs-onko-mamma-rezeptorstatus-leitlinie.json	1338	0	0	0	0	0	0	0	0	6	0	0	0	0	0	0	0	0	0	0	2	8	35	0	0	0	1	0	0
fsh-generated/resources/CodeSystem-mii-cs-onko-melanom-ulzeration.json	1074	1	0	0	0	0	0	0	0	4	0	0	0	0	0	0	0	0	0	0	3	8	31	0	0	0	0	0	0
fsh-generated/resources/CodeSystem-mii-cs-onko-nebenwirkung-ctcae-grad.json	1585	1	0	0	0	0	0	0	0	4	0	0	0	0	0	0	0	0	0	0	2	8	36	0	0	0	0	0	1
fsh-generated/resources/CodeSystem-mii-cs-onko-operation-komplikation.json	7443	2	0	0	0	0	0	0	1	14	0	0	0	0	0	0	0	0	0	0	4	190	103	0	0	0	1	0	0
fsh-generated/resources/CodeSystem-mii-cs-onko-operation-urgency.json	1395	1	0	0	0	0	0	0	0	4	0	0	1	0	0	0	0	0	0	0	2	53	31	0	0	0	0	0	0
fsh-generated/resources/CodeSystem-mii-cs-onko-primaertumor-diagnosesicherung.json	3939	1	0	0	0	0	0	0	0	6	0	0	0	0	0	0	0	0	0	0	3	14	38	0	0	0	1	0	0
fsh-generated/resources/CodeSystem-mii-cs-onko-prostata-postsurgical-complications.json	1173	1	0	0	0	0	0	0	0	3	0	0	0	0	0	0	0	0	0	0	2	8	68	0	0	0	0	0	0
fsh-generated/resources/CodeSystem-mii-cs-onko-residualstatus.json	1541	1	0	0	0	0	0	0	0	6	0	0	0	0	0	0	0	0	0	0	3	10	36	0	0	0	0	0	0
fsh-generated/resources/CodeSystem-mii-cs-onko-seitenlokalisation.json	1432	1	0	0	0	0	0	0	0	3	0	0	0	0	0	0	0	0	0	0	3	9	435	0	0	0	0	0	0
fsh-generated/resources/CodeSystem-mii-cs-onko-strahlentherapie-applikationsart.json	3630	1	0	0	0	0	0	0	1	8	0	0	0	0	0	0	0	0	0	0	2	15	48	0	0	0	1	0	0
fsh-generated/resources/CodeSystem-mii-cs-onko-strahlentherapie-boost.json	1377	1	0	0	0	0	0	0	0	3	0	0	0	0	0	0	0	0	0	0	3	8	409	0	0	0	0	0	0
fsh-generated/resources/CodeSystem-mii-cs-onko-strahlentherapie-strahlenart.json	2372	1	0	0	0	0	0	0	0	7	0	0	0	0	0	0	0	0	0	0	2	11	479	0	0	0	0	0	0
fsh-generated/resources/CodeSystem-mii-cs-onko-strahlentherapie-zielgebiet-2014.json	12370	3	0	0	1	0	0	0	1	32	0	0	0	0	0	0	0	0	0	0	4	49	269	0	0	0	2	0	0
fsh-generated/resources/CodeSystem-mii-cs-onko-strahlentherapie-zielgebiet.json	8298	2	0	0	0	0	0	0	1	11	0	0	1	0	0	0	0	0	0	0	3	31	133	0	0	0	1	0	0
fsh-generated/resources/CodeSystem-mii-cs-onko-studienteilnahme.json	1002	0	0	0	0	0	0	0	0	3	0	0	0	0	0	0	0	0	0	0	2	7	37	0	0	0	1	0	0
fsh-generated/resources/CodeSystem-mii-cs-onko-systemische-therapie-protokolle.json	21883	3	0	0	0	0	0	0	2	24	0	0	0	0	0	0	0	0	0	0	5	63	109	0	0	0	3	0	0
fsh-generated/resources/CodeSystem-mii-cs-onko-therapie-ende-grund.json	1730	1	0	0	0	0	0	0	0	3	0	0	0	0	0	0	0	1	0	0	2	9	40	0	0	0	0	0	0
fsh-generated/resources/CodeSystem-mii-cs-onko-therapie-stellungzurop.json	1264	1	0	0	0	0	0	0	0	3	0	0	0	0	0	0	0	0	0	0	3	8	33	0	0	0	0	0	0
fsh-generated/resources/CodeSystem-mii-cs-onko-therapie-typ.json	2092	3	0	0	0	0	0	0	1	3	0	0	0	0	0	0	0	0	0	0	2	10	37	0	0	0	0	0	0
fsh-generated/resources/CodeSystem-mii-cs-onko-therapieabweichung.json	1043	1	0	0	0	0	0	0	0	3	0	0	0	0	0	0	0	0	0	0	3	6	32	0	0	0	1	0	0
fsh-generated/resources/CodeSystem-mii-cs-onko-therapieplanung-typ.json	1354	1	0	0	0	0	0	0	0	2	0	0	1	0	0	0	0	0	0	0	2	8	32	0	0	0	0	0	1
fsh-generated/resources/CodeSystem-mii-cs-onko-tnm-uicc.json	10009	3	0	0	0	0	0	0	1	14	0	0	0	0	0	0	0	0	0	0	3	33	76	0	0	0	1	0	0
fsh-generated/resources/CodeSystem-mii-cs-onko-tnm-version.json	1514	2	0	0	0	0	0	0	0	3	0	0	0	0	0	0	0	0	0	0	3	8	32	0	0	0	1	0	0
fsh-generated/resources/CodeSystem-mii-cs-onko-tod.json	1211	1	0	0	0	0	0	0	0	2	0	0	0	0	0	0	0	0	0	0	3	7	38	0	0	0	0	0	0
fsh-generated/resources/CodeSystem-mii-cs-onko-verlauf-fernmetastasen.json	1513	1	0	0	0	0	0	0	0	2	0	0	0	0	0	0	0	0	0	0	2	8	57	0	0	0	0	0	0
fsh-generated/resources/CodeSystem-mii-cs-onko-verlauf-gesamtbeurteilung.json	1770	1	0	0	0	0	0	0	0	3	0	0	0	0	0	0	0	0	0	0	3	8	122	0	0	0	0	0	0
fsh-generated/resources/CodeSystem-mii-cs-onko-verlauf-lymphknoten.json	1519	1	0	0	0	0	0	0	0	3	0	0	0	0	0	0	0	0	0	0	2	168	37	0	0	0	0	0	0
fsh-generated/resources/CodeSystem-mii-cs-onko-verlauf-primaertumor.json	1477	1	0	0	0	0	0	0	1	3	0	0	0	0	0	0	0	0	0	0	3	9	61	0	0	0	1	0	0
fsh-generated/resources/CodeSystem-mii-cs-onko-weitere-klassifikationen-obds.json	34328	5	0	0	0	0	0	0	1	21	0	0	1	0	0	0	0	0	0	0	8	129	147	0	0	0	6	0	1
fsh-generated/resources/ConceptMap-mii-cm-mii-to-mvgenomseq-condition-diagnose-primaertumor.json	541	1	0	0	1	0	0	0	0	130	0	0	0	0	0	0	0	0	0	0	3	6	92	0	0	0	0	0	0
fsh-generated/resources/ConceptMap-mii-cm-onko-allgemeiner-leistungszustand-ecog-loinc.json	3511	3	0	0	0	0	0	0	1	5	0	0	0	0	0	0	0	0	0	0	2	12	31	0	0	0	0	0	0
fsh-generated/resources/ConceptMap-mii-cm-onko-allgemeiner-leistungszustand-karnofsky-loinc.json	4188	2	0	0	0	0	0	0	0	4	0	0	0	0	0	0	0	0	0	0	3	127	29	0	0	0	1	0	0
fsh-generated/resources/ConceptMap-mii-cm-onko-allgemeiner-leistungszustand-sct.json	3509	1	0	0	0	0	0	0	1	132	0	0	0	0	0	0	0	0	0	0	2	15	40	0	0	0	0	0	0
fsh-generated/resources/ConceptMap-mii-cm-onko-asa-obds-loinc.json	2709	1	0	0	0	0	0	0	0	3	0	0	0	0	0	0	0	0	0	0	3	10	26	0	0	0	0	0	0
fsh-generated/resources/ConceptMap-mii-cm-onko-atc-transitions-2021.json	18763	3	0	0	0	0	0	0	1	8	0	0	0	0	0	0	0	0	0	0	3	187	109	0	0	0	2	0	0
fsh-generated/resources/ConceptMap-mii-cm-onko-atc-transitions-2023.json	2207	1	0	0	0	0	0	0	0	2	0	0	0	0	0	0	0	0	0	0	3	9	78	0	0	0	0	0	0
fsh-generated/resources/ConceptMap-mii-cm-onko-atc-transitions-2024.json	5701	1	0	0	0	0	0	0	0	4	0	0	0	0	0	0	0	0	0	0	2	14	22	0	0	0	0	0	0
fsh-generated/resources/ConceptMap-mii-cm-onko-atc-transitions-2025.json	1739	1	0	0	0	0	1	0	0	2	0	0	0	0	0	0	0	0	0	0	3	7	22	0	0	0	1	0	0
fsh-generated/resources/ConceptMap-mii-cm-onko-atc-transitions-2026.json	1839	1	0	0	0	0	0	0	0	2	0	0	0	0	0	0	0	0	0	0	3	33	23	0	1	0	0	0	0
fsh-generated/resources/ConceptMap-mii-cm-onko-fernmetastasen-sct.json	4493	1	0	0	0	0	0	0	1	9	0	0	0	0	0	0	0	0	0	0	2	151	35	0	0	0	0	0	0
fsh-generated/resources/ConceptMap-mii-cm-onko-genetische-variante-auspraegung-sct.json	2728	2	0	0	0	0	0	0	0	9	0	0	0	0	0	0	0	0	0	0	3	11	28	0	0	0	0	0	0
fsh-generated/resources/ConceptMap-mii-cm-onko-grading-sct.json	4989	1	0	0	0	0	0	0	0	10	0	0	0	0	0	0	0	0	0	0	2	14	52	0	0	0	1	0	0
fsh-generated/resources/ConceptMap-mii-cm-onko-intention-sct.json	3069	1	0	0	0	0	0	0	1	8	0	0	0	0	0	0	0	0	0	0	3	197	32	0	0	0	0	0	0
fsh-generated/resources/ConceptMap-mii-cm-onko-krk-stoma-obds-sct.json	2004	1	0	0	0	0	0	0	0	3	0	0	0	0	0	0	0	0	0	0	2	229	19	0	0	0	0	0	0
fsh-generated/resources/ConceptMap-mii-cm-onko-nebenwirkung-sct.json	2876	3	0	0	0	0	0	0	0	8	0	0	0	0	0	0	0	0	0	0	3	10	28	0	0	0	1	0	0
fsh-generated/resources/ConceptMap-mii-cm-onko-operation-komplikation-sct.json	26782	3	0	0	0	0	0	0	2	17	0	0	0	0	0	0	0	1	0	0	5	83	60	0	0	0	2	0	1
fsh-generated/resources/ConceptMap-mii-cm-onko-primaertumor-diagnosesicherung-sct.json	6258	2	0	0	0	0	0	0	0	10	0	0	0	0	0	0	0	0	0	0	3	105	112	0	0	0	0	0	0
fsh-generated/resources/ConceptMap-mii-cm-onko-residualstatus-uicc-sct.json	2611	1	0	0	0	0	0	0	0	7	0	0	0	0	0	0	0	0	0	0	2	9	27	0	0	0	1	0	0
fsh-generated/resources/ConceptMap-mii-cm-onko-seitenlokalisation-sct.json	2612	1	0	0	0	0	0	0	0	8	0	0	0	0	0	0	0	0	0	0	3	8	25	0	0	0	0	0	0
fsh-generated/resources/ConceptMap-mii-cm-onko-strahlentherapie-applikationsart-sct.json	7779	2	0	0	0	0	0	0	1	10	0	0	0	0	0	0	0	0	0	0	2	18	31	0	0	0	0	0	0
fsh-generated/resources/ConceptMap-mii-cm-onko-strahlentherapie-boost-sct.json	2432	1	0	0	0	0	0	0	0	9	0	0	0	0	0	0	0	0	0	0	3	8	24	0	0	0	1	0	0
fsh-generated/resources/ConceptMap-mii-cm-onko-strahlentherapie-strahlenart-sct.json	7111	2	0	0	0	0	0	0	1	10	0	0	0	0	0	0	0	0	0	0	2	17	47	0	0	0	0	0	0
fsh-generated/resources/ConceptMap-mii-cm-onko-strahlentherapie-strahleneinheit-sct.json	2040	1	0	0	0	0	0	0	0	8	0	0	0	0	0	0	0	0	0	0	3	30	84	0	0	0	0	0	0
fsh-generated/resources/ConceptMap-mii-cm-onko-strahlentherapie-zielgebiet-sct.json	32433	4	0	0	0	0	0	0	2	19	0	0	0	0	0	0	0	0	0	0	4	79	65	0	0	0	3	0	0
fsh-generated/resources/ConceptMap-mii-cm-onko-studienteilnahme-sct.json	1756	1	0	0	0	0	0	0	0	8	0	0	0	0	0	0	0	0	0	0	2	8	26	0	0	0	0	0	0
fsh-generated/resources/ConceptMap-mii-cm-onko-therapie-ende-sct.json	4067	1	0	0	0	0	0	0	0	11	0	0	0	0	0	0	0	0	0	0	3	12	28	0	0	0	1	0	0
fsh-generated/resources/ConceptMap-mii-cm-onko-therapie-stellung-sct.json	2564	1	0	0	0	0	0	0	0	8	0	0	0	0	0	0	0	0	0	0	2	9	22	0	0	0	0	0	0
fsh-generated/resources/ConceptMap-mii-cm-onko-therapie-typ-sct.json	6739	2	0	0	1	0	0	0	1	10	0	0	0	0	0	0	0	0	0	0	3	17	115	0	0	0	0	0	0
fsh-generated/resources/ConceptMap-mii-cm-onko-therapieabweichung-sct.json	1762	1	0	0	0	0	0	0	0	8	0	0	0	0	0	0	0	0	0	0	2	10	36	0	0	0	0	0	0
fsh-generated/resources/ConceptMap-mii-cm-onko-therapieplanung-sct.json	2228	1	0	0	0	0	0	0	0	8	0	0	0	0	0	0	0	0	0	0	3	9	22	0	0	0	1	0	0
fsh-generated/resources/ConceptMap-mii-cm-onko-tnm-uicc-sct-clinical.json	35990	4	0	0	0	0	0	0	2	14	0	0	0	0	0	0	0	0	0	0	3	63	54	0	0	0	2	0	1
fsh-generated/resources/ConceptMap-mii-cm-onko-tnm-uicc-sct-pathological.json	35888	5	0	0	0	0	0	0	2	14	0	0	0	0	0	0	0	0	0	0	4	60	125	0	0	0	2	0	0
fsh-generated/resources/ConceptMap-mii-cm-onko-tod-sct.json	1918	1	0	0	0	0	0	0	0	11	0	0	0	0	0	0	0	0	0	0	2	8	35	0	0	0	0	0	0
fsh-generated/resources/ConceptMap-mii-cm-onko-verlauf-fernmetastasen-sct.json	3669	1	0	0	0	0	0	0	0	8	0	0	0	0	0	0	0	0	0	0	3	10	34	0	0	0	1	0	0
fsh-generated/resources/ConceptMap-mii-cm-onko-verlauf-gesamtbeurteilung-sct.json	4196	1	0	0	0	0	0	0	1	9	0	0	0	0	0	0	0	1	0	0	2	12	31	0	0	0	0	0	0
fsh-generated/resources/ConceptMap-mii-cm-onko-verlauf-lymphknoten-sct.json	3339	1	0	0	0	0	0	0	0	9	0	0	0	0	0	0	0	0	0	0	3	11	27	0	0	0	0	0	0
fsh-generated/resources/ConceptMap-mii-cm-onko-verlauf-primaertumor-sct.json	3303	1	0	0	0	0	0	0	0	8	0	0	0	0	0	0	0	0	0	0	3	10	120	0	0	0	1	0	0
fsh-generated/resources/ConceptMap-mii-cm-onkologie-to-mvgenomseq.json	8680	2	0	0	0	0	0	0	0	137	0	0	0	0	0	0	0	0	0	0	3	20	45	0	0	0	0	0	0
fsh-generated/resources/Condition-PatientKimMusterperson-Diagnosis-1.json	1642	1	0	0	0	0	0	0	0	2	0	0	0	0	0	0	0	0	0	0	3	6	10	0	0	0	0	0	0
fsh-generated/resources/Condition-PatientKimMusterperson-PrimaryDiagnosis-2.json	1606	1	0	0	0	0	0	0	0	3	0	0	0	0	0	0	0	0	0	0	3	6	10	0	0	0	0	0	0
fsh-generated/resources/Condition-mii-exa-onko-ascending-colon-cancer-diagnosis.json	1496	1	0	0	0	0	0	0	1	4	0	0	0	0	0	0	0	0	0	0	2	6	92	0	0	0	0	0	0
fsh-generated/resources/Condition-mii-exa-onko-colorectal-cancer-diagnosis.json	1487	1	0	0	0	0	0	0	0	4	0	0	0	0	0	0	0	0	0	0	3	5	46	0	0	0	0	0	0
fsh-generated/resources/Condition-mii-exa-onko-diagnose.json	2487	2	0	0	0	0	0	0	0	2	0	0	0	0	0	0	0	0	0	0	3	7	13	0	0	0	0	0	0
fsh-generated/resources/Condition-mii-exa-onko-fruehere-tumorerkrankung-cervix.json	1340	3	0	0	0	0	0	0	0	3	0	0	0	0	0	0	0	0	0	0	2	5	9	0	0	0	0	0	0
fsh-generated/resources/Condition-mii-exa-onko-fruehere-tumorerkrankung-freetext.json	1096	1	0	0	0	0	0	0	0	3	0	0	0	0	0	0	0	0	0	0	3	5	9	0	0	0	0	0	0
fsh-generated/resources/Condition-mii-exa-onko-fruehere-tumorerkrankung-mamma.json	1659	2	0	0	0	0	0	0	0	3	0	0	0	0	0	0	0	0	0	0	2	5	40	0	0	0	0	0	0
fsh-generated/resources/Condition-mii-exa-onko-fruehere-tumorerkrankung-prostata.json	1635	3	0	0	0	0	0	0	0	4	0	0	0	0	0	0	0	0	0	0	3	7	10	0	0	0	0	0	0
fsh-generated/resources/Condition-mii-exa-onko-krk-diagnose.json	1064	1	0	0	0	0	0	0	0	1	0	0	0	0	0	0	0	0	0	0	2	5	106	0	0	0	0	0	0
fsh-generated/resources/Condition-mii-exa-onko-mamma-diagnose.json	1101	1	0	0	0	0	0	0	0	2	0	0	0	0	0	0	0	0	0	0	2	4	64	0	0	0	0	0	0
fsh-generated/resources/Condition-mii-exa-onko-melanom-diagnose.json	1440	1	0	0	1	0	0	0	0	2	0	0	0	0	0	0	0	0	0	0	3	6	14	0	0	0	0	0	0
fsh-generated/resources/Condition-mii-exa-onko-prostata-diagnose.json	1085	4	0	0	0	0	0	0	0	2	0	0	0	0	0	0	0	0	0	0	2	5	9	0	0	0	0	0	0
fsh-generated/resources/Condition-primaertumor-example.json	1102	0	0	0	0	0	0	0	1	2	0	0	0	0	0	0	0	0	0	0	2	5	9	0	0	0	0	0	0
fsh-generated/resources/DiagnosticReport-PatientKimMusterperson-PathoReport-1.json	855	1	0	0	0	0	0	0	0	2	0	0	0	0	0	0	0	0	0	0	3	4	12	0	0	0	0	0	0
fsh-generated/resources/DiagnosticReport-mii-exa-onko-befund-1.json	725	2	0	0	0	0	0	0	0	119	0	0	0	0	0	0	0	0	0	0	2	4	18	0	0	0	0	0	0
fsh-generated/resources/Encounter-mii-exa-onko-krk-bundle-encounter.json	322	0	0	0	0	0	0	0	0	3	0	0	0	0	0	0	0	0	0	0	2	4	7	0	0	0	0	0	0
fsh-generated/resources/Encounter-mii-exa-onko-mamma-bundle-encounter.json	326	1	0	0	0	0	0	0	0	1	0	0	0	0	0	0	0	0	0	0	3	3	8	0	0	0	0	0	0
fsh-generated/resources/Encounter-mii-exa-onko-melanom-bundle-encounter.json	330	1	0	0	0	0	0	0	0	1	0	0	0	0	0	0	0	0	0	0	3	3	7	0	0	0	0	0	0
fsh-generated/resources/Encounter-mii-exa-onko-prostata-bundle-encounter.json	332	1	0	0	0	0	0	0	0	2	0	0	0	0	0	0	0	0	0	0	3	4	8	0	0	0	0	0	0
fsh-generated/resources/List-mii-exa-onko-liste-evidenz-erstdiagnose-1.json	1304	1	0	0	0	0	0	0	0	11	0	4	0	0	0	0	0	0	0	0	3	6	117	0	0	0	0	0	0
fsh-generated/resources/MedicationRequest-mii-exa-onko-cdk46-class-medication.json	1042	1	0	0	0	0	0	0	0	3	0	0	0	0	0	0	0	0	0	0	2	5	57	0	0	0	0	0	0
fsh-generated/resources/MedicationRequest-mii-exa-onko-folfox-5fu-request.json	762	1	0	0	0	0	0	0	0	2	0	0	0	0	0	0	0	0	0	0	3	6	12	0	0	0	0	0	0
fsh-generated/resources/MedicationRequest-mii-exa-onko-folfox-leucovorin-request.json	774	1	0	0	0	0	0	0	0	2	0	0	0	0	0	0	0	0	0	0	4	4	11	0	0	0	0	0	0
fsh-generated/resources/MedicationRequest-mii-exa-onko-folfox-oxaliplatin-request.json	759	1	0	0	0	0	0	0	0	2	0	0	0	0	0	0	0	0	0	0	4	6	12	0	0	0	0	0	0
fsh-generated/resources/MedicationRequest-mii-exa-onko-modification-5fu-request.json	853	1	0	0	0	0	0	0	0	3	0	0	0	0	0	0	0	0	0	0	4	29	60	0	0	0	0	0	0
fsh-generated/resources/MedicationRequest-mii-exa-onko-modification-leucovorin-request.json	865	1	0	0	0	0	0	0	0	3	0	0	0	0	0	0	0	0	0	0	4	4	15	0	0	0	0	0	0
fsh-generated/resources/MedicationRequest-mii-exa-onko-modification-oxaliplatin-request.json	1239	1	0	0	0	0	0	0	0	3	0	0	0	0	0	0	0	0	0	0	5	5	15	0	0	0	0	0	0
fsh-generated/resources/MedicationRequest-mii-exa-onko-tdm1-option.json	886	1	0	0	0	0	0	0	0	2	0	0	0	0	0	0	0	0	0	0	4	5	12	0	0	0	0	0	0
fsh-generated/resources/MedicationRequest-mii-exa-onko-tucatinib-option.json	891	1	0	0	0	0	0	0	0	3	0	0	0	0	0	0	0	0	0	0	5	5	12	0	0	0	0	0	0
fsh-generated/resources/MedicationStatement-PatientKimMusterperson-SystemicTherapyMedication-1a.json	806	1	0	0	1	0	0	0	0	2	0	0	0	0	0	0	0	0	0	0	3	4	13	0	0	0	0	0	0
fsh-generated/resources/MedicationStatement-PatientKimMusterperson-SystemicTherapyMedication-1b.json	807	1	0	0	0	0	0	0	1	2	0	0	0	0	0	0	0	0	0	0	3	6	12	0	0	0	0	0	0
fsh-generated/resources/MedicationStatement-PatientKimMusterperson-SystemicTherapyMedication-2a.json	807	1	0	0	0	0	0	0	0	1	0	0	0	0	0	0	0	0	0	0	3	4	11	0	0	0	0	0	1
fsh-generated/resources/MedicationStatement-PatientKimMusterperson-SystemicTherapyMedication-2b.json	808	1	0	0	0	0	0	0	0	2	0	0	0	0	0	0	0	0	0	0	2	4	12	0	0	0	0	0	0
fsh-generated/resources/MedicationStatement-PatientKimMusterperson-SystemicTherapyMedication-3.json	780	1	0	0	0	0	0	0	0	2	0	0	0	0	0	0	0	0	0	0	3	5	11	0	0	0	0	0	0
fsh-generated/resources/MedicationStatement-mii-exa-onko-folfox-5fu-statement.json	917	1	0	0	0	0	0	0	0	2	0	0	0	0	0	0	0	0	0	0	2	24	16	0	0	0	0	0	0
fsh-generated/resources/MedicationStatement-mii-exa-onko-folfox-leucovorin-statement.json	929	1	0	0	0	0	0	0	0	2	0	0	0	0	0	0	0	0	0	0	3	5	111	0	0	0	0	0	0
fsh-generated/resources/MedicationStatement-mii-exa-onko-folfox-oxaliplatin-statement.json	914	1	0	0	0	0	0	0	0	3	0	0	0	0	0	0	0	0	0	0	2	5	18	0	0	0	0	0	0
fsh-generated/resources/MedicationStatement-mii-exa-onko-medikation-iberdomide-unii.json	915	1	0	0	0	0	0	0	0	3	0	0	0	0	0	0	0	0	0	0	3	7	16	0	0	0	0	0	0
fsh-generated/resources/MedicationStatement-mii-exa-onko-medikation-imatinib-atc-version-transition.json	1121	1	0	0	0	0	0	0	0	3	0	0	0	0	0	0	0	0	0	0	2	11	15	0	0	0	0	0	0
fsh-generated/resources/MedicationStatement-mii-exa-onko-modification-5fu-phase1.json	936	1	0	0	0	0	0	0	0	1	0	0	0	0	0	0	0	0	0	0	3	4	19	0	0	0	0	0	0
fsh-generated/resources/MedicationStatement-mii-exa-onko-modification-5fu-phase2.json	956	1	0	0	0	0	0	0	0	2	0	0	0	0	0	0	0	0	0	0	2	5	143	0	0	0	0	0	0
fsh-generated/resources/MedicationStatement-mii-exa-onko-modification-leucovorin-phase1.json	948	1	0	0	0	0	0	0	0	2	0	0	0	0	0	0	0	0	0	0	3	5	17	0	0	0	0	0	0
fsh-generated/resources/MedicationStatement-mii-exa-onko-modification-leucovorin-phase2.json	968	1	0	0	0	0	0	0	0	6	0	0	0	0	0	0	0	0	0	0	2	5	23	0	0	0	0	0	0
fsh-generated/resources/MedicationStatement-mii-exa-onko-modification-oxaliplatin-phase1.json	1409	1	0	0	0	0	0	0	0	3	0	0	0	0	0	0	0	0	0	0	3	6	17	0	0	0	0	0	0
fsh-generated/resources/MedicationStatement-mii-exa-onko-systemische-therapie-medikation1.json	815	1	0	0	0	0	0	0	0	2	0	0	0	0	0	0	0	0	0	0	2	4	13	0	0	0	0	0	0
fsh-generated/resources/MedicationStatement-mii-exa-onko-systemische-therapie-medikation2.json	811	1	0	0	0	0	0	0	0	2	0	0	0	0	0	0	0	0	0	0	3	4	12	0	0	0	0	0	0
fsh-generated/resources/Observation-PatientKimMusterperson-Verlauf-2022-01-22.json	2087	1	0	0	0	0	0	0	0	3	0	0	0	0	0	0	0	0	0	0	2	6	14	0	0	0	0	0	0
fsh-generated/resources/Observation-TNM-Klassifikation-Observation-2.json	877	1	0	0	0	0	0	0	0	1	0	0	0	0	0	0	0	0	0	0	3	5	29	0	0	0	0	0	0
fsh-generated/resources/Observation-TNM-L-Observation-2.json	957	1	0	0	1	0	0	0	0	61	0	0	0	0	0	0	0	0	0	0	2	4	12	0	0	0	0	0	0
fsh-generated/resources/Observation-TNM-M-Observation-2.json	1377	1	0	0	0	0	0	0	1	2	0	0	0	0	0	0	0	0	0	1	2	5	13	0	0	0	0	0	0
fsh-generated/resources/Observation-TNM-Pn-Observation-2.json	960	1	0	0	0	0	0	0	0	59	0	0	0	0	0	0	0	0	0	0	3	5	11	0	0	0	0	0	0
fsh-generated/resources/Observation-TNM-T-Observation-2.json	1377	2	0	0	0	0	0	0	0	2	0	0	0	0	0	0	0	0	0	0	2	4	112	1	0	0	0	0	0
fsh-generated/resources/Observation-TNM-V-Observation-2.json	957	1	0	0	0	0	0	0	0	59	0	0	0	0	0	0	0	0	0	0	3	5	12	0	0	0	0	0	0
fsh-generated/resources/Observation-TNM-y-Symbol-Observation-2.json	949	2	0	0	0	0	0	0	0	118	0	0	0	0	0	0	0	0	0	0	2	4	16	0	0	0	0	0	0
fsh-generated/resources/Observation-mii-exa-onko-allgemeiner-leistungszustand-ecog.json	953	1	0	0	0	0	0	0	0	57	0	0	0	0	0	0	0	0	0	0	2	5	9	0	0	0	0	0	0
fsh-generated/resources/Observation-mii-exa-onko-allgemeiner-leistungszustand-karnofsky.json	841	1	0	0	0	0	0	0	0	58	0	0	0	0	0	0	0	0	0	0	3	4	8	0	0	0	0	0	0
fsh-generated/resources/Observation-mii-exa-onko-anzahl-befallene-lymphknoten-0.json	880	1	0	0	0	0	0	0	0	88	0	0	0	0	0	0	0	0	0	0	2	5	9	0	0	0	0	0	0
fsh-generated/resources/Observation-mii-exa-onko-anzahl-befallene-sentinel-lymphknoten-0.json	915	1	0	0	0	0	0	0	0	1	0	0	0	0	0	0	0	0	0	0	3	6	8	0	0	0	0	0	0
fsh-generated/resources/Observation-mii-exa-onko-anzahl-untersuchte-lymphknoten-23.json	886	1	0	0	0	0	0	0	0	2	0	0	0	0	0	0	0	0	0	0	2	4	9	0	0	0	0	0	0
fsh-generated/resources/Observation-mii-exa-onko-anzahl-untersuchte-sentinel-lymphknoten-0.json	932	1	0	0	1	0	0	0	0	1	0	0	0	0	0	0	0	0	0	0	2	5	8	0	0	0	0	0	0
fsh-generated/resources/Observation-mii-exa-onko-asa-klassifikation.json	913	2	0	0	0	0	0	0	0	1	0	0	0	0	0	0	0	0	0	0	3	4	12	0	0	0	0	0	0
fsh-generated/resources/Observation-mii-exa-onko-ascending-colon-tnm-m.json	1178	1	0	0	0	0	0	0	0	2	0	0	0	0	0	0	0	0	0	0	2	5	12	0	0	0	0	0	0
fsh-generated/resources/Observation-mii-exa-onko-ascending-colon-tnm-n.json	1178	1	0	0	0	0	0	0	0	1	0	0	0	0	0	0	0	0	0	0	2	4	12	0	0	0	0	0	0
fsh-generated/resources/Observation-mii-exa-onko-ascending-colon-tnm-t.json	1178	1	0	0	0	0	0	0	0	2	0	0	0	0	0	0	0	0	0	0	3	5	12	0	0	0	0	0	0
fsh-generated/resources/Observation-mii-exa-onko-ascending-colon-tnm.json	1299	2	0	0	0	0	0	0	0	2	0	0	0	0	0	0	0	0	0	0	2	7	27	0	0	0	0	0	0
fsh-generated/resources/Observation-mii-exa-onko-colorectal-tnm-m.json	1372	1	0	0	0	0	0	0	0	2	0	0	0	0	0	0	0	0	0	0	3	23	133	0	0	0	0	0	0
fsh-generated/resources/Observation-mii-exa-onko-colorectal-tnm-n.json	1372	1	0	0	0	0	0	0	0	2	0	0	0	0	0	0	0	0	0	0	2	5	17	0	0	0	0	0	0
fsh-generated/resources/Observation-mii-exa-onko-colorectal-tnm-t.json	1372	1	0	0	0	0	0	0	0	2	0	0	0	0	0	0	0	0	0	0	2	5	17	0	0	0	0	0	0
fsh-generated/resources/Observation-mii-exa-onko-colorectal-tnm.json	1248	1	0	0	0	0	0	0	1	1	0	0	0	0	0	0	0	0	0	0	3	5	23	0	0	0	0	0	0
fsh-generated/resources/Observation-mii-exa-onko-fernmetastasen-1.json	729	1	0	0	1	0	0	0	0	60	0	0	0	0	0	0	0	0	0	0	2	4	8	0	0	0	0	0	0
fsh-generated/resources/Observation-mii-exa-onko-folfox-verlauf-6months.json	2958	2	0	0	0	1	0	0	0	3	0	0	0	0	0	0	0	0	0	0	3	9	15	0	0	0	0	0	0
fsh-generated/resources/Observation-mii-exa-onko-genetische-variante-braf.json	1151	1	0	0	0	0	0	0	0	66	0	0	0	0	0	0	0	0	0	0	2	5	9	0	0	0	0	0	0
fsh-generated/resources/Observation-mii-exa-onko-grading-1.json	989	1	0	0	0	0	0	0	0	2	0	0	0	0	0	0	0	0	0	0	2	4	13	0	0	0	0	0	0
fsh-generated/resources/Observation-mii-exa-onko-histologie-icdo3.json	927	1	0	0	0	0	0	0	0	62	0	0	0	0	0	0	0	0	0	0	3	5	13	0	0	0	0	0	0
fsh-generated/resources/Observation-mii-exa-onko-krk-abstand-circumferelle-resektionsebene.json	966	1	0	0	0	0	0	0	0	30	0	0	0	0	0	0	0	0	0	0	2	6	15	0	0	0	0	0	0
fsh-generated/resources/Observation-mii-exa-onko-krk-abstand-mesorektale-fascie.json	864	1	0	0	0	0	0	0	0	1	0	0	0	0	0	0	0	0	0	0	2	4	25	0	0	0	0	0	0
fsh-generated/resources/Observation-mii-exa-onko-krk-abstand-resektionsrand-aboral.json	916	1	0	0	0	0	0	0	0	2	0	0	0	0	0	0	0	0	0	0	3	5	24	0	0	0	0	0	0
fsh-generated/resources/Observation-mii-exa-onko-krk-abstand-tumor-anokutanlinie.json	869	1	0	0	0	0	0	0	0	29	0	0	0	0	0	0	0	0	0	0	2	5	22	0	0	0	0	0	0
fsh-generated/resources/Observation-mii-exa-onko-krk-anastomoseninsuffizienz.json	1058	1	0	0	0	0	0	0	0	2	0	0	0	0	0	0	0	0	0	0	2	4	15	0	0	0	0	0	0
fsh-generated/resources/Observation-mii-exa-onko-mamma-her2neu-status.json	1604	1	0	0	0	0	0	0	0	2	0	0	0	0	0	0	0	0	0	0	3	6	12	0	0	0	0	0	0
fsh-generated/resources/Observation-mii-exa-onko-mamma-menopause-status-1.json	835	1	0	0	0	0	0	0	0	1	0	0	0	0	0	0	0	0	0	0	3	4	12	0	0	0	0	0	0
fsh-generated/resources/Observation-mii-exa-onko-mamma-rezeptorstatus-estrogen-1.json	1818	1	0	0	0	0	0	0	0	1	0	0	0	0	0	0	0	0	0	0	2	7	13	0	0	0	0	0	0
fsh-generated/resources/Observation-mii-exa-onko-mamma-rezeptorstatus-progesteron-1.json	1833	1	0	0	0	0	0	0	0	1	0	0	0	0	0	0	0	0	0	0	2	6	12	0	0	0	0	0	0
fsh-generated/resources/Observation-mii-exa-onko-mamma-tumorgroesse-1.json	1139	1	0	0	0	0	0	0	0	2	0	0	0	0	0	0	0	0	0	0	3	5	18	0	0	0	0	0	0
fsh-generated/resources/Observation-mii-exa-onko-melanom-breslow-tiefe.json	1100	1	0	0	0	0	0	0	0	2	0	0	0	0	0	0	0	0	0	0	2	5	15	0	0	0	0	0	0
fsh-generated/resources/Observation-mii-exa-onko-melanom-ldh.json	1727	1	0	0	0	0	0	0	1	30	0	0	0	0	0	0	0	0	0	0	3	6	51	0	0	0	0	0	0
fsh-generated/resources/Observation-mii-exa-onko-melanom-sicherheitsabstand.json	977	1	0	0	1	0	0	0	0	2	0	0	0	0	0	0	0	0	0	0	2	5	16	0	0	0	0	0	0
fsh-generated/resources/Observation-mii-exa-onko-melanom-ulzeration.json	1235	1	0	0	0	0	0	0	0	1	0	0	0	0	0	0	0	0	0	0	2	6	15	0	0	0	0	0	0
fsh-generated/resources/Observation-mii-exa-onko-modification-verlauf-6months.json	3087	2	0	0	0	0	0	0	0	3	0	0	0	0	0	0	0	0	0	0	3	9	17	0	0	0	0	0	0
fsh-generated/resources/Observation-mii-exa-onko-prostata-anzahl-positiver-stanzen-1.json	725	1	0	0	0	0	0	0	0	1	0	0	0	0	0	0	0	0	0	0	2	4	11	0	0	0	0	0	0
fsh-generated/resources/Observation-mii-exa-onko-prostata-anzahl-stanzen-1.json	697	1	0	0	0	0	0	0	0	1	0	0	0	0	0	0	0	0	0	0	3	5	12	0	0	0	0	0	0
fsh-generated/resources/Observation-mii-exa-onko-prostata-ca-befall-stanze-1.json	820	1	0	0	0	0	0	0	0	1	0	0	0	0	0	0	0	0	0	0	2	5	16	0	0	0	0	0	0
fsh-generated/resources/Observation-mii-exa-onko-prostata-gleason-pattern-grade-group-1.json	1292	1	0	0	0	0	0	0	0	2	0	0	0	0	0	0	0	0	0	0	2	7	19	0	0	0	0	0	0
fsh-generated/resources/Observation-mii-exa-onko-prostata-gleason-pattern-primary-1.json	884	2	0	0	0	0	0	0	0	0	0	0	0	0	0	0	0	0	0	0	3	5	12	0	0	0	0	0	0
fsh-generated/resources/Observation-mii-exa-onko-prostata-gleason-pattern-secondary-1.json	888	1	0	0	0	0	0	0	0	1	0	0	0	0	0	0	0	0	0	0	2	4	11	0	0	0	0	0	0
fsh-generated/resources/Observation-mii-exa-onko-prostata-psa-diagnose-1.json	741	1	0	0	0	0	0	0	0	1	0	0	0	0	0	0	0	0	0	0	2	5	12	0	0	0	0	0	0
fsh-generated/resources/Observation-mii-exa-onko-prostata-psa-verlauf-1.json	741	1	0	0	0	0	0	0	0	1	0	0	0	0	0	0	0	0	0	0	3	4	12	0	0	0	0	0	0
fsh-generated/resources/Observation-mii-exa-onko-prostata-surgical-complication-1.json	1205	2	0	0	0	0	0	0	0	1	0	0	0	0	0	0	0	0	0	0	2	5	16	0	0	0	0	0	0
fsh-generated/resources/Observation-mii-exa-onko-residualstatus-1.json	692	4	0	0	0	0	0	0	0	61	0	0	0	0	0	0	0	0	0	0	2	4	51	0	0	0	0	0	0
fsh-generated/resources/Observation-mii-exa-onko-studienteilnahme-prob.json	1225	1	0	0	1	0	0	0	0	3	0	0	0	0	0	0	0	0	0	0	3	6	17	0	0	0	0	0	0
fsh-generated/resources/Observation-mii-exa-onko-studienteilnahme.json	815	3	0	0	0	0	0	0	1	58	0	0	0	0	0	0	0	0	0	0	2	4	77	0	0	0	0	0	0
fsh-generated/resources/Observation-mii-exa-onko-tnm-klassifikation-TisN0M0.json	1214	1	0	0	0	0	0	0	0	2	0	0	0	0	0	0	0	0	0	0	3	5	20	0	0	0	0	0	0
fsh-generated/resources/Observation-mii-exa-onko-tnm-klassifikation-uT2a2pN0023i-sncM1.json	1505	1	0	0	0	0	0	0	0	1	0	0	0	0	0	0	0	0	0	0	2	6	77	0	0	0	0	0	0
fsh-generated/resources/Observation-mii-exa-onko-tnm-l-kategorie-L.json	985	1	0	0	0	0	0	0	0	2	0	0	0	0	0	0	0	0	0	0	2	15	9	0	0	0	0	0	0
fsh-generated/resources/Observation-mii-exa-onko-tnm-l-kategorie-L1.json	986	1	0	0	0	0	0	0	0	1	0	0	0	0	0	0	0	0	0	0	3	5	8	0	0	0	0	0	0
fsh-generated/resources/Observation-mii-exa-onko-tnm-m-kategorie-M0.json	1340	1	0	0	0	0	0	0	0	2	0	0	0	0	0	0	0	0	0	0	2	40	8	0	0	0	0	0	0
fsh-generated/resources/Observation-mii-exa-onko-tnm-m-kategorie-cM1.json	1341	2	0	0	0	0	0	0	0	1	0	0	0	0	0	0	0	0	0	0	2	6	8	0	0	0	0	0	0
fsh-generated/resources/Observation-mii-exa-onko-tnm-n-kategorie-N0.json	1340	1	0	0	0	0	0	0	0	1	0	0	0	0	0	0	0	0	0	0	3	4	9	0	0	0	0	0	1
fsh-generated/resources/Observation-mii-exa-onko-tnm-n-kategorie-pN0i-sn.json	2117	1	0	0	0	0	0	0	0	2	0	0	0	0	0	0	0	0	0	0	2	6	8	0	0	0	0	0	0
fsh-generated/resources/Observation-mii-exa-onko-tnm-pn-kategorie-Pn1.json	1005	1	0	0	0	0	0	0	0	1	0	0	0	0	0	0	0	0	0	0	2	5	9	0	0	0	0	0	0
fsh-generated/resources/Observation-mii-exa-onko-tnm-s-kategorie-S1.json	961	2	0	0	0	0	0	0	0	1	0	0	0	0	0	0	0	0	0	0	3	19	8	0	0	0	0	0	0
fsh-generated/resources/Observation-mii-exa-onko-tnm-t-kategorie-Tis.json	1343	1	0	0	1	0	0	0	0	1	0	0	0	0	0	0	0	0	0	0	2	5	8	0	0	0	0	0	0
fsh-generated/resources/Observation-mii-exa-onko-tnm-t-kategorie-uT2a2.json	1347	1	0	0	0	0	0	0	1	1	0	0	0	0	0	0	0	0	0	0	3	5	8	0	0	0	0	0	0
fsh-generated/resources/Observation-mii-exa-onko-tnm-v-kategorie-V1.json	983	1	0	0	0	0	0	0	0	1	0	0	0	0	0	0	0	0	0	0	2	5	9	0	0	0	0	0	0
fsh-generated/resources/Observation-mii-exa-onko-tod-j.json	1114	1	0	0	0	0	0	0	0	58	0	0	0	0	0	0	0	0	0	0	2	4	8	0	0	0	0	0	0
fsh-generated/resources/Observation-mii-exa-onko-tod-n.json	1118	2	0	0	0	0	0	0	0	2	0	0	0	0	0	0	0	0	0	0	3	32	8	0	0	0	0	0	0
fsh-generated/resources/Observation-mii-exa-onko-tod-u.json	1024	1	0	0	0	0	0	0	0	1	0	0	0	0	0	0	0	0	0	0	2	4	9	0	0	0	0	0	0
fsh-generated/resources/Observation-mii-exa-onko-tumorgroesse.json	1055	1	0	0	0	0	0	0	0	2	0	0	0	0	0	0	0	0	0	0	2	5	13	0	0	0	0	0	0
fsh-generated/resources/Observation-mii-exa-onko-verlauf-tumor.json	2700	1	0	0	0	0	0	0	0	1	0	0	0	0	0	0	0	1	0	0	3	7	15	0	0	0	0	0	0
fsh-generated/resources/Observation-mii-exa-onko-weitere-klassifikationen-1.json	1149	1	0	0	0	0	0	0	0	1	0	0	0	0	0	0	0	0	0	0	2	7	13	0	0	0	0	0	0
fsh-generated/resources/Observation-mii-exa-onko-weitere-klassifikationen-2.json	1163	2	0	0	0	0	0	0	0	2	0	0	0	0	0	0	0	0	0	0	2	6	13	0	0	0	0	0	0
fsh-generated/resources/Observation-mii-exa-onko-weitere-klassifikationen-3.json	1098	1	0	0	0	0	0	0	0	1	0	0	0	0	0	0	0	0	0	0	3	4	17	0	0	0	0	0	0
fsh-generated/resources/Observation-mii-exa-onko-weitere-klassifikationen-4.json	1168	1	0	0	1	0	0	0	0	2	0	0	0	0	0	0	0	0	0	0	2	26	14	0	0	0	0	0	0
fsh-generated/resources/Patient-PatientKimMusterperson.json	195	1	0	0	0	0	0	0	0	0	0	0	0	0	0	0	0	0	0	0	3	3	6	0	0	0	0	0	0
fsh-generated/resources/Patient-mii-exa-onko-folfox-patient.json	366	0	0	0	0	0	0	0	0	1	0	0	0	0	0	0	0	0	0	0	2	4	4	0	0	0	0	0	0
fsh-generated/resources/Patient-mii-exa-onko-krk-bundle-patient.json	177	0	0	0	0	0	0	0	0	0	0	0	0	0	0	0	0	0	0	0	2	2	3	0	0	0	0	0	0
fsh-generated/resources/Patient-mii-exa-onko-mamma-bundle-patient.json	175	1	0	0	0	0	0	0	0	1	0	0	0	0	0	0	0	0	0	0	2	3	3	0	0	0	0	0	0
fsh-generated/resources/Patient-mii-exa-onko-melanom-bundle-patient.json	176	1	0	0	0	0	0	0	0	0	0	0	0	0	0	0	0	0	0	0	3	3	3	0	0	0	0	0	0
fsh-generated/resources/Patient-mii-exa-onko-molecular-board-patient.json	375	1	0	0	0	0	0	0	0	1	0	0	0	0	0	0	0	0	0	0	2	4	4	0	0	0	0	0	0
fsh-generated/resources/Patient-mii-exa-onko-prostata-bundle-patient.json	180	1	0	0	0	0	0	0	0	0	0	0	0	0	0	0	0	0	0	0	3	3	3	0	0	0	0	0	0
fsh-generated/resources/Procedure-PatientKimMusterperson-Procedure-1.json	769	1	0	0	0	0	0	0	0	2	0	0	0	0	0	0	0	0	0	0	2	4	9	0	0	0	0	0	0
fsh-generated/resources/Procedure-PatientKimMusterperson-Procedure-2.json	816	2	0	0	0	0	0	0	0	1	0	0	0	0	0	0	0	0	0	0	2	5	8	0	0	0	0	0	0
fsh-generated/resources/Procedure-PatientKimMusterperson-Procedure-3.json	755	1	0	0	0	0	0	0	0	1	0	0	0	0	0	0	0	0	0	0	3	4	8	0	0	0	0	0	0
fsh-generated/resources/Procedure-PatientKimMusterperson-Procedure-4.json	1457	1	0	0	0	0	0	0	0	2	0	0	0	0	0	0	0	0	0	0	2	5	13	0	0	0	0	0	0
fsh-generated/resources/Procedure-PatientKimMusterperson-Procedure-4a.json	1103	1	0	0	0	0	0	0	0	1	0	0	0	0	0	0	0	0	0	0	3	5	12	0	0	0	0	0	0
fsh-generated/resources/Procedure-PatientKimMusterperson-Procedure-4b.json	1051	1	0	0	1	0	0	0	1	1	0	0	0	0	0	0	0	0	0	0	2	5	12	0	0	0	0	0	0
fsh-generated/resources/Procedure-PatientKimMusterperson-Procedure-4c.json	1031	1	0	0	0	0	0	0	0	2	0	0	0	0	0	0	0	0	0	0	2	15	12	0	0	0	0	0	0
fsh-generated/resources/Procedure-PatientKimMusterperson-Procedure-4d.json	1107	2	0	0	0	0	0	0	0	1	0	0	0	0	0	0	0	0	0	0	3	5	12	0	0	0	0	0	0
fsh-generated/resources/Procedure-PatientKimMusterperson-SystemicTherapy-1.json	1781	1	0	0	0	0	0	0	0	59	0	0	0	0	0	0	0	0	0	0	2	6	13	0	0	0	0	0	0
fsh-generated/resources/Procedure-PatientKimMusterperson-SystemicTherapy-2.json	1676	1	0	0	0	0	0	0	0	2	0	0	0	0	0	0	0	0	0	0	2	5	8	0	0	0	0	0	0
fsh-generated/resources/Procedure-PatientKimMusterperson-SystemicTherapy-3.json	1651	2	0	0	0	0	0	0	0	1	0	0	0	0	0	0	0	0	0	0	3	5	9	0	0	0	0	0	0
fsh-generated/resources/Procedure-mii-exa-onko-folfox-phase1.json	2886	1	0	0	0	0	0	1	0	2	0	0	0	0	0	0	0	0	0	0	2	8	23	0	0	0	0	0	0
fsh-generated/resources/Procedure-mii-exa-onko-folfox-procedure.json	2889	1	0	0	0	0	0	0	0	2	0	0	0	0	0	0	0	0	0	0	3	7	22	0	0	0	0	0	0
fsh-generated/resources/Procedure-mii-exa-onko-krk-operation.json	1565	1	0	0	0	0	0	0	0	2	0	0	0	0	0	0	0	0	0	0	2	6	16	0	0	0	0	0	0
fsh-generated/resources/Procedure-mii-exa-onko-krk-stoma-markierung.json	1301	1	0	0	0	0	0	0	0	1	0	0	0	0	0	0	0	0	0	0	2	5	16	0	0	0	0	0	0
fsh-generated/resources/Procedure-mii-exa-onko-lv5fu2-phase2.json	2997	2	0	0	0	0	0	0	0	3	0	0	0	0	0	0	0	0	0	0	3	8	28	0	0	0	0	0	0
fsh-generated/resources/Procedure-mii-exa-onko-mamma-praeoperative-markierung-1.json	941	1	0	0	0	0	0	0	0	1	0	0	0	0	0	0	0	0	0	0	2	5	12	0	0	0	0	0	0
fsh-generated/resources/Procedure-mii-exa-onko-melanom-exzision-oberarm.json	2002	1	0	0	0	0	0	0	1	1	0	0	0	0	0	0	0	0	0	0	3	10	13	0	0	0	0	0	0
fsh-generated/resources/Procedure-mii-exa-onko-melanom-exzision-ruecken.json	2102	1	0	0	0	0	0	0	0	2	0	0	0	0	0	0	0	0	0	0	2	5	18	0	0	0	0	0	0
fsh-generated/resources/Procedure-mii-exa-onko-operation-1.json	1884	1	0	0	0	0	0	0	0	2	0	0	0	0	0	0	0	0	0	0	2	7	16	0	0	0	0	0	0
fsh-generated/resources/Procedure-mii-exa-onko-palbociclib-therapie.json	1691	1	0	0	0	0	0	0	0	4	0	0	0	0	0	0	0	0	0	0	3	5	18	0	0	0	0	0	0
fsh-generated/resources/Procedure-mii-exa-onko-pertuzumab-therapie.json	1472	1	0	0	1	0	0	0	0	3	0	0	0	0	0	0	0	0	0	0	3	7	15	0	0	0	0	0	0
fsh-generated/resources/Procedure-mii-exa-onko-prostata-operation-prostatektomie.json	1726	1	0	0	0	0	0	0	0	2	0	0	0	0	0	0	0	0	0	0	3	9	13	0	0	0	0	0	0
fsh-generated/resources/Procedure-mii-exa-onko-prostata-operation-turp.json	1735	2	0	0	0	0	0	0	0	2	0	0	0	0	0	0	0	0	0	0	3	6	13	0	0	0	0	0	0
fsh-generated/resources/Procedure-mii-exa-onko-prostata-surgery-1.json	1317	1	0	0	0	0	0	0	0	1	0	0	0	0	0	0	0	0	0	0	3	5	13	0	0	0	0	0	0
fsh-generated/resources/Procedure-mii-exa-onko-prostata-surgery-2.json	2126	1	0	0	0	0	0	0	0	1	0	0	0	0	0	0	0	0	0	0	2	7	17	0	0	0	0	0	0
fsh-generated/resources/Procedure-mii-exa-onko-right-hemicolectomy.json	1939	1	0	0	0	0	0	0	1	3	0	0	0	0	0	0	0	0	0	0	3	6	18	0	0	0	0	0	0
fsh-generated/resources/Procedure-mii-exa-onko-sigmoid-resection-part1.json	1629	1	0	0	0	0	0	0	0	2	0	0	0	0	0	0	0	0	0	0	2	6	21	0	0	0	0	0	0
fsh-generated/resources/Procedure-mii-exa-onko-sigmoid-resection-part2.json	1681	2	0	0	0	0	0	0	0	3	0	0	0	0	0	0	0	0	0	0	3	6	91	0	0	0	0	0	0
fsh-generated/resources/Procedure-mii-exa-onko-sigmoid-resection-part3.json	1587	1	0	0	0	0	0	0	0	2	0	0	0	0	0	0	0	0	0	0	2	7	21	0	0	0	0	0	0
fsh-generated/resources/Procedure-mii-exa-onko-sigmoid-resection.json	2048	1	0	0	0	0	0	0	0	2	0	0	0	0	0	0	0	0	0	0	3	6	17	0	0	0	0	0	0
fsh-generated/resources/Procedure-mii-exa-onko-strahlentherapie-2014-mamma-mit-lk.json	1886	2	0	0	0	0	0	0	0	59	0	0	0	0	0	0	0	0	0	0	2	6	16	0	0	0	0	0	0
fsh-generated/resources/Procedure-mii-exa-onko-strahlentherapie-2014-prostata-mit-lk.json	1878	1	0	0	0	0	0	0	0	3	0	0	0	0	0	0	0	0	0	0	3	6	17	0	0	0	0	0	0
fsh-generated/resources/Procedure-mii-exa-onko-strahlentherapie-2021-mamma-lymphknoten.json	2529	1	0	0	0	0	0	0	0	1	0	0	0	0	0	0	0	0	0	0	2	7	21	0	0	0	0	0	0
fsh-generated/resources/Procedure-mii-exa-onko-strahlentherapie-2021-mamma-primaer.json	2412	1	0	0	0	0	0	0	0	2	0	0	0	0	0	0	0	0	0	0	2	6	17	0	0	0	0	0	0
fsh-generated/resources/Procedure-mii-exa-onko-strahlentherapie-bestrahlung-nuklearmedizin-1.json	2984	1	0	0	1	0	0	0	0	2	0	0	0	0	0	0	0	0	0	0	3	11	14	0	0	0	0	0	0
fsh-generated/resources/Procedure-mii-exa-onko-strahlentherapie-bestrahlung-strahlentherapie-1.json	3052	2	0	0	0	0	0	0	0	120	0	0	0	0	0	0	0	0	0	0	2	7	14	0	0	0	0	0	0
fsh-generated/resources/Procedure-mii-exa-onko-strahlentherapie-nuklearmedizin-1.json	1579	1	0	0	0	0	0	0	1	58	0	0	0	0	0	0	0	0	0	0	3	6	11	0	0	0	0	0	1
fsh-generated/resources/Procedure-mii-exa-onko-strahlentherapie-strahlentherapie-1.json	1586	1	0	0	0	0	0	0	0	2	0	0	0	0	0	0	0	0	0	0	2	8	9	0	0	0	0	0	0
fsh-generated/resources/Procedure-mii-exa-onko-systemische-therapie-1.json	2014	1	0	0	0	0	0	0	0	2	0	0	0	0	0	0	0	0	0	0	3	6	9	0	0	0	0	0	0
fsh-generated/resources/Procedure-mii-exa-onko-trastuzumab-therapie.json	1485	1	0	0	0	0	0	0	0	1	0	0	0	0	0	0	0	0	0	0	2	5	13	0	0	0	0	0	0
fsh-generated/resources/RequestGroup-mii-exa-onko-folfox-requestgroup-modification.json	2086	1	0	0	0	0	0	0	0	4	0	0	0	0	0	0	0	0	0	0	3	8	46	0	0	0	0	0	0
fsh-generated/resources/RequestGroup-mii-exa-onko-folfox-requestgroup.json	2054	1	0	0	0	0	0	0	0	3	0	0	0	0	0	0	0	0	0	0	2	7	36	0	0	0	0	0	0
fsh-generated/resources/RequestGroup-mii-exa-onko-molecular-cdk46-protocol.json	1124	1	0	0	0	0	0	0	0	2	0	0	0	0	0	0	0	0	0	0	3	5	25	0	0	0	0	0	0
fsh-generated/resources/RequestGroup-mii-exa-onko-molecular-her2-alternatives.json	1411	1	0	0	0	0	0	0	0	4	0	0	0	0	0	0	0	0	0	0	2	7	29	0	0	1	0	0	0
fsh-generated/resources/ResearchStudy-mii-exa-onko-studie-prob.json	1122	2	0	0	0	0	0	0	0	2	0	0	0	0	0	0	0	0	0	0	3	4	13	0	0	0	0	0	0
fsh-generated/resources/SearchParameter-mii-sp-onko-condition-ext-morphology-behavior-icdo3.json	1570	1	0	0	0	0	0	0	0	4	0	0	0	0	0	0	0	0	0	0	2	9	7	0	0	0	1	0	0
fsh-generated/resources/SearchParameter-mii-sp-onko-ext-strahlentherapie-stellungzurop.json	977	1	0	0	0	0	0	0	0	2	0	0	0	0	0	0	0	0	0	0	3	7	6	0	0	0	0	0	0
fsh-generated/resources/SearchParameter-mii-sp-onko-ext-systemischetherapie-stellungzurop.json	993	1	0	0	0	0	0	0	0	2	0	0	0	0	0	0	0	0	0	0	3	9	10	0	0	0	0	0	0
fsh-generated/resources/SearchParameter-mii-sp-onko-observation-ext-tnm-m-cppraefix.json	1502	1	0	0	1	0	0	0	0	2	0	0	0	0	0	0	0	0	0	0	2	8	7	0	0	0	0	0	0
fsh-generated/resources/SearchParameter-mii-sp-onko-observation-ext-tnm-n-cppraefix.json	1502	2	0	0	0	0	0	0	0	2	0	0	0	0	0	0	0	0	0	0	3	8	6	0	0	0	1	0	0
fsh-generated/resources/SearchParameter-mii-sp-onko-observation-ext-tnm-n-itc.json	1466	1	0	0	0	0	0	0	1	2	0	0	0	0	0	0	0	0	0	0	2	9	6	0	0	0	0	0	0
fsh-generated/resources/SearchParameter-mii-sp-onko-observation-ext-tnm-n-sn-suffix.json	1503	1	0	0	0	0	0	0	0	1	0	0	0	0	0	0	0	0	0	0	3	8	6	0	0	0	0	0	0
fsh-generated/resources/SearchParameter-mii-sp-onko-observation-ext-tnm-t-cppraefix.json	1502	1	0	0	0	0	0	0	0	2	0	0	0	0	0	0	0	0	0	0	2	10	6	0	0	0	0	0	0
fsh-generated/resources/SearchParameter-mii-sp-onko-procedure-ext-operation-intention.json	1510	1	0	0	0	0	0	0	0	2	0	0	0	0	0	0	0	0	0	0	3	12	115	0	0	0	0	0	0
fsh-generated/resources/SearchParameter-mii-sp-onko-procedure-ext-strahlentherapie-bs-boost.json	1545	3	0	0	0	0	0	0	0	1	0	0	0	0	0	0	0	0	0	0	2	9	7	0	0	0	1	0	0
fsh-generated/resources/SearchParameter-mii-sp-onko-procedure-ext-strahlentherapie-bs-einzeldosis.json	1584	1	0	0	0	0	0	0	0	2	0	0	0	0	0	0	0	0	0	0	3	8	6	0	0	0	0	0	0
fsh-generated/resources/SearchParameter-mii-sp-onko-procedure-ext-strahlentherapie-bs-gesamtdosis.json	1584	1	0	0	0	0	0	0	0	2	0	0	0	0	0	0	0	0	0	0	2	8	6	0	0	0	0	0	0
fsh-generated/resources/SearchParameter-mii-sp-onko-procedure-ext-strahlentherapie-intention.json	1545	1	0	0	0	0	0	0	0	1	0	0	0	0	0	0	0	0	0	0	3	7	6	0	0	0	0	0	0
fsh-generated/resources/SearchParameter-mii-sp-onko-procedure-ext-systemischetherapie-intention.json	1561	1	0	0	1	0	0	0	0	2	0	0	0	0	0	0	0	0	0	0	2	8	6	0	0	0	0	0	0
fsh-generated/resources/SearchParameter-mii-sp-onko-procedure-strahlentherapie-applikationsart.json	1550	1	0	0	0	0	0	0	0	2	0	0	0	0	0	0	0	0	0	0	3	7	6	0	0	0	0	0	0
fsh-generated/resources/SearchParameter-mii-sp-onko-procedure-strahlentherapie-lateralitaet.json	1592	1	0	0	0	0	0	0	0	2	0	0	0	0	0	0	0	0	0	0	2	8	5	0	0	0	1	0	0
fsh-generated/resources/SearchParameter-mii-sp-onko-procedure-strahlentherapie-strahlenart.json	1526	1	0	0	0	0	0	0	1	2	0	0	0	0	0	0	0	0	0	0	3	7	6	0	0	0	0	0	0
fsh-generated/resources/ServiceRequest-mii-exa-onko-molecular-surgery-request.json	869	1	0	0	0	0	0	0	0	60	0	0	0	0	0	0	0	0	0	0	2	5	18	0	0	0	0	0	0
fsh-generated/resources/Specimen-PatientKimMusterperson-Specimen-1.json	270	1	0	0	0	0	0	0	0	2	0	0	0	0	0	0	0	0	0	0	3	5	8	0	0	0	0	0	0
fsh-generated/resources/Specimen-mii-exa-onko-krk-specimen.json	1077	1	0	0	0	0	0	0	0	1	0	0	0	0	0	0	0	0	0	0	2	6	8	0	0	0	0	0	0
fsh-generated/resources/Specimen-mii-exa-onko-specimen-1.json	403	1	0	0	0	0	0	0	0	2	0	0	0	0	0	0	0	0	0	0	2	3	8	0	0	0	0	0	0
fsh-generated/resources/StructureDefinition-mii-ex-onko-histology-morphology-behavior-icdo3.json	2574	1	0	38	0	0	0	0	0	1202	0	0	0	0	0	0	0	1	0	0	1	57	874	0	0	0	2	0	0
fsh-generated/resources/StructureDefinition-mii-ex-onko-operation-intention.json	2403	2	0	45	0	0	0	0	0	10	0	0	0	0	0	0	0	0	0	0	0	54	481	0	0	0	1	0	1
fsh-generated/resources/StructureDefinition-mii-ex-onko-operation-urgency.json	2820	1	0	32	0	0	0	0	0	10	0	0	0	0	0	0	0	0	0	0	1	55	392	0	0	0	2	0	0
fsh-generated/resources/StructureDefinition-mii-ex-onko-strahlentherapie-bestrahlung-boost.json	2101	1	0	16	0	0	0	0	0	8	0	0	1	0	0	0	0	0	0	0	0	34	261	0	0	0	0	0	0
fsh-generated/resources/StructureDefinition-mii-ex-onko-strahlentherapie-bestrahlung-einzeldosis.json	2357	1	0	33	0	0	0	0	0	7	0	0	0	0	0	0	0	0	0	0	0	43	300	0	0	0	2	0	0
fsh-generated/resources/StructureDefinition-mii-ex-onko-strahlentherapie-bestrahlung-gesamtdosis.json	2326	1	0	25	0	0	0	0	0	9	0	0	0	0	0	0	0	0	0	0	0	43	275	0	0	0	1	1	0
fsh-generated/resources/StructureDefinition-mii-ex-onko-strahlentherapie-bestrahlung-seitenlokalisation.json	2278	2	0	13	1	0	0	0	0	7	0	0	0	0	0	0	0	0	0	0	0	34	240	0	0	0	1	0	0
fsh-generated/resources/StructureDefinition-mii-ex-onko-strahlentherapie-intention.json	2420	1	0	22	0	0	0	0	0	12	0	0	0	0	0	0	0	0	0	0	1	53	276	0	0	0	1	0	1
fsh-generated/resources/StructureDefinition-mii-ex-onko-strahlentherapie-stellungzurop.json	2454	1	0	27	0	0	0	0	0	11	0	0	0	0	0	0	0	1	0	0	0	53	272	0	0	0	2	0	0
fsh-generated/resources/StructureDefinition-mii-ex-onko-systemische-therapie-intention.json	2456	2	0	37	0	0	0	0	0	11	0	0	0	0	0	0	0	0	0	0	0	54	275	0	0	0	1	0	0
fsh-generated/resources/StructureDefinition-mii-ex-onko-systemische-therapie-stellungzurop.json	2490	1	0	24	0	0	0	0	0	9	0	0	0	0	0	0	0	0	0	0	0	58	281	0	0	0	2	0	0
fsh-generated/resources/StructureDefinition-mii-ex-onko-tnm-cp-praefix.json	2467	1	0	26	0	0	0	0	0	11	0	0	1	0	0	0	0	0	0	0	0	53	265	0	0	0	1	0	0
fsh-generated/resources/StructureDefinition-mii-ex-onko-tnm-itc-suffix.json	2003	1	0	21	0	0	0	0	0	8	0	0	0	0	0	0	0	0	0	0	0	51	264	0	0	0	2	0	1
fsh-generated/resources/StructureDefinition-mii-ex-onko-tnm-sn-suffix.json	2034	1	0	19	0	0	0	0	0	7	0	0	0	0	0	0	0	0	0	0	0	55	267	0	0	0	1	0	0
fsh-generated/resources/StructureDefinition-mii-lm-mvgenomseq-onkologie.json	64353	7	0	107	0	0	0	0	0	98	0	0	1	0	0	0	0	2	0	0	4	548	1215	0	0	0	15	0	2
fsh-generated/resources/StructureDefinition-mii-lm-onko-organspezifische-zusatzmodule.json	45170	5	0	104	0	0	0	0	0	54	0	0	0	0	0	0	0	1	0	0	4	291	1072	0	0	0	9	0	1
fsh-generated/resources/StructureDefinition-mii-lm-onko.json	62832	6	0	95	0	0	0	0	0	77	0	0	1	0	0	0	0	1	0	0	4	420	1277	0	0	0	14	0	2
fsh-generated/resources/StructureDefinition-mii-pr-onko-allgemeiner-leistungszustand-ecog.json	6977	2	0	119	0	0	0	0	0	39	0	0	0	0	0	0	0	1	0	0	0	213	1176	0	0	0	8	0	1
fsh-generated/resources/StructureDefinition-mii-pr-onko-allgemeiner-leistungszustand-karnofsky.json	7002	3	0	77	0	0	0	0	0	24	0	0	0	0	0	0	0	1	0	0	1	210	981	0	0	0	9	0	1
fsh-generated/resources/StructureDefinition-mii-pr-onko-anzahl-befallene-lymphknoten.json	6953	2	0	100	0	0	0	0	0	25	0	0	0	0	0	0	0	1	0	0	0	204	859	0	0	0	8	1	2
fsh-generated/resources/StructureDefinition-mii-pr-onko-anzahl-befallene-sentinel-lymphknoten.json	7019	2	0	64	0	0	0	0	0	23	0	0	1	0	0	0	0	1	0	0	0	209	931	0	0	0	8	0	1
fsh-generated/resources/StructureDefinition-mii-pr-onko-anzahl-untersuchte-lymphknoten.json	6977	3	0	87	0	0	0	0	0	24	0	0	0	0	0	0	0	0	0	0	0	236	872	0	0	0	7	0	1
fsh-generated/resources/StructureDefinition-mii-pr-onko-anzahl-untersuchte-sentinel-lymphknoten.json	7049	2	0	57	0	0	0	0	0	22	0	0	0	0	0	0	0	1	0	0	0	195	735	0	0	0	8	0	1
fsh-generated/resources/StructureDefinition-mii-pr-onko-asa-klassifikation.json	5439	1	0	49	0	0	0	0	0	14	0	0	0	0	0	0	0	1	0	0	1	382	701	0	1	0	6	0	1
fsh-generated/resources/StructureDefinition-mii-pr-onko-befund.json	5407	2	0	198	1	0	0	0	0	14	0	0	1	0	0	0	0	0	0	0	0	124	467	0	0	0	5	0	1
fsh-generated/resources/StructureDefinition-mii-pr-onko-diagnose-primaertumor.json	21442	3	0	230	0	0	0	0	1	53	0	0	0	0	0	0	0	3	0	0	0	816	1883	0	0	0	18	0	4
fsh-generated/resources/StructureDefinition-mii-pr-onko-fernmetastasen.json	6363	2	0	91	0	0	0	0	0	17	0	0	1	0	0	0	0	1	0	0	0	189	616	0	0	0	6	1	1
fsh-generated/resources/StructureDefinition-mii-pr-onko-fruehere-tumorerkrankung.json	9910	2	0	141	0	0	0	0	0	25	0	0	0	0	0	0	0	0	0	0	1	250	621	0	0	0	7	0	1
fsh-generated/resources/StructureDefinition-mii-pr-onko-genetische-variante.json	7704	2	0	429	0	0	0	0	0	47	0	0	0	0	0	0	0	4	0	0	0	718	3146	0	0	0	19	0	7
fsh-generated/resources/StructureDefinition-mii-pr-onko-grading.json	6680	2	0	69	0	0	0	0	0	21	0	0	1	0	0	0	0	1	0	0	0	193	604	0	0	0	8	1	1
fsh-generated/resources/StructureDefinition-mii-pr-onko-histologie-icdo3.json	12655	2	0	86	0	0	0	0	0	21	0	0	0	0	0	0	0	1	0	0	0	220	794	0	0	0	8	0	1
fsh-generated/resources/StructureDefinition-mii-pr-onko-krk-abstand-aboral.json	5937	1	0	100	0	0	0	0	0	13	0	0	0	0	0	0	0	1	0	0	1	149	528	0	0	0	6	0	1
fsh-generated/resources/StructureDefinition-mii-pr-onko-krk-abstand-anokutan.json	5801	2	0	56	0	0	0	0	0	15	0	0	0	0	0	0	0	0	0	0	0	215	494	0	0	0	6	0	1
fsh-generated/resources/StructureDefinition-mii-pr-onko-krk-abstand-circumferelle-resektionsebene.json	6051	2	0	56	0	0	0	0	0	14	0	0	1	0	0	0	0	1	0	0	0	160	531	0	0	0	7	0	1
fsh-generated/resources/StructureDefinition-mii-pr-onko-krk-anastomoseninsuffizienz.json	6047	1	0	97	0	0	0	0	0	14	0	0	0	0	0	0	0	1	0	0	0	150	508	0	0	0	7	0	1
fsh-generated/resources/StructureDefinition-mii-pr-onko-krk-mrt-mesorektale-faszie.json	9113	2	0	94	0	0	0	0	0	23	0	0	0	0	0	0	0	1	0	0	0	375	533	0	0	0	7	0	2
fsh-generated/resources/StructureDefinition-mii-pr-onko-krk-operation.json	6243	2	0	228	0	0	0	0	0	23	0	0	0	0	0	0	0	1	0	0	0	351	1077	0	0	0	11	1	3
fsh-generated/resources/StructureDefinition-mii-pr-onko-krk-specimen.json	3204	1	0	73	0	0	0	0	0	15	0	0	1	0	0	0	0	1	0	0	1	120	510	0	0	0	4	0	1
fsh-generated/resources/StructureDefinition-mii-pr-onko-krk-stoma-markierung.json	8956	2	0	141	0	0	0	0	0	25	0	0	0	0	0	0	0	1	0	0	0	237	790	0	0	0	11	0	2
fsh-generated/resources/StructureDefinition-mii-pr-onko-liste-evidenz-erstdiagnose.json	2677	1	0	66	0	0	0	0	0	10	0	0	0	0	0	0	0	0	0	0	0	359	437	0	0	0	3	0	0
fsh-generated/resources/StructureDefinition-mii-pr-onko-mamma-her2neu-status.json	8040	2	0	151	1	0	0	0	0	32	0	0	0	0	0	0	0	1	0	0	0	299	796	0	0	0	10	0	2
fsh-generated/resources/StructureDefinition-mii-pr-onko-mamma-menopause-status.json	3074	1	0	76	0	0	0	0	0	14	0	0	1	0	0	0	0	1	0	0	0	244	554	0	0	0	5	0	1
fsh-generated/resources/StructureDefinition-mii-pr-onko-mamma-operation.json	8203	2	0	842	0	0	0	0	0	29	0	0	0	0	0	0	0	2	0	0	0	345	921	0	0	0	11	1	3
fsh-generated/resources/StructureDefinition-mii-pr-onko-mamma-praeoperative-markierung.json	2833	1	0	92	0	0	0	0	0	10	0	0	0	0	0	0	0	1	0	0	0	124	400	0	0	0	4	0	1
fsh-generated/resources/StructureDefinition-mii-pr-onko-mamma-rezeptorstatus-estrogen.json	8484	2	0	121	0	0	0	0	0	31	0	0	0	0	0	0	0	1	0	0	1	336	821	0	0	0	10	0	1
fsh-generated/resources/StructureDefinition-mii-pr-onko-mamma-rezeptorstatus-progesteron.json	7708	2	0	168	0	0	0	0	1	28	0	0	1	0	0	0	0	1	0	0	0	325	693	0	0	0	10	0	2
fsh-generated/resources/StructureDefinition-mii-pr-onko-mamma-sozialdienst.json	6010	1	0	209	0	0	0	0	0	21	0	0	0	0	0	0	0	2	0	0	0	371	899	0	0	0	10	0	3
fsh-generated/resources/StructureDefinition-mii-pr-onko-melanom-breslow-tiefe.json	7124	2	0	103	0	0	0	0	0	16	0	0	0	0	0	0	0	0	0	0	0	174	579	0	0	0	6	0	1
fsh-generated/resources/StructureDefinition-mii-pr-onko-melanom-exzision.json	5317	1	0	277	0	0	0	0	0	21	0	0	1	0	0	0	0	2	0	0	0	280	955	0	0	0	10	1	3
fsh-generated/resources/StructureDefinition-mii-pr-onko-melanom-ldh.json	7693	2	0	79	0	0	0	0	0	17	0	0	0	0	0	0	0	1	0	0	0	163	585	0	0	0	7	0	1
fsh-generated/resources/StructureDefinition-mii-pr-onko-melanom-sicherheitsabstand.json	7578	2	0	101	0	0	0	0	0	22	0	0	0	0	0	0	0	1	0	0	1	192	481	0	0	0	6	0	1
fsh-generated/resources/StructureDefinition-mii-pr-onko-melanom-ulzeration.json	6620	2	0	118	0	0	0	0	1	18	0	0	0	0	0	0	0	0	0	0	0	161	478	0	0	0	6	0	1
fsh-generated/resources/StructureDefinition-mii-pr-onko-nebenwirkung-adverse-event.json	9413	2	0	79	0	0	0	0	0	19	0	0	0	0	0	0	0	1	0	0	0	164	454	0	0	0	6	0	1
fsh-generated/resources/StructureDefinition-mii-pr-onko-operation.json	20062	2	0	135	0	0	0	0	0	34	0	0	1	0	0	0	0	2	0	0	1	355	914	0	0	0	13	0	3
fsh-generated/resources/StructureDefinition-mii-pr-onko-prostata-operation.json	5371	2	0	271	1	0	0	0	0	20	0	0	0	0	0	0	0	2	0	0	0	322	879	0	0	0	9	0	3
fsh-generated/resources/StructureDefinition-mii-pr-onko-prostate-anzahl-positive-stanzen.json	5096	1	0	67	0	0	0	0	0	12	0	0	0	0	0	0	0	1	0	0	0	172	466	0	0	0	6	0	1
fsh-generated/resources/StructureDefinition-mii-pr-onko-prostate-anzahl-stanzen.json	4982	2	0	93	0	0	0	0	0	12	0	0	1	0	0	0	0	0	0	0	0	131	1953	0	0	0	5	0	1
fsh-generated/resources/StructureDefinition-mii-pr-onko-prostate-ca-befall-stanze.json	4629	1	0	102	0	0	0	0	0	14	0	0	0	0	0	0	0	1	0	0	0	158	1782	0	0	0	6	1	1
fsh-generated/resources/StructureDefinition-mii-pr-onko-prostate-clavien-dindo.json	7012	2	0	123	0	0	0	0	0	20	0	0	0	0	0	0	0	1	0	0	0	359	699	0	0	0	8	0	1
fsh-generated/resources/StructureDefinition-mii-pr-onko-prostate-gleason-grade-group.json	5891	2	0	79	0	0	0	0	0	14	0	0	0	0	0	0	0	0	0	0	1	316	535	0	0	0	6	0	1
fsh-generated/resources/StructureDefinition-mii-pr-onko-prostate-gleason-patterns.json	6142	1	0	69	0	0	0	0	0	13	0	0	0	0	0	0	0	1	0	0	0	146	601	0	0	0	6	0	1
fsh-generated/resources/StructureDefinition-mii-pr-onko-prostate-psa.json	5659	2	0	138	0	0	0	0	0	13	0	0	1	0	0	0	0	1	0	0	0	151	534	0	0	0	6	0	1
fsh-generated/resources/StructureDefinition-mii-pr-onko-residualstatus.json	6361	2	0	196	0	0	0	0	0	18	0	0	0	0	0	0	0	0	0	0	0	179	540	0	1	0	8	0	1
fsh-generated/resources/StructureDefinition-mii-pr-onko-specimen.json	5206	2	0	102	0	0	0	0	0	16	0	0	0	0	0	0	0	1	0	0	0	139	406	0	0	0	4	0	1
fsh-generated/resources/StructureDefinition-mii-pr-onko-strahlentherapie-bestrahlung-nuklearmedizin.json	27991	4	0	318	0	0	0	0	1	44	0	0	1	0	0	0	0	2	0	0	1	431	1001	0	0	0	15	0	4
fsh-generated/resources/StructureDefinition-mii-pr-onko-strahlentherapie-bestrahlung-strahlentherapie.json	22472	5	0	246	0	0	0	0	0	294	0	0	0	0	0	0	0	2	0	0	0	426	1001	0	0	0	15	1	4
fsh-generated/resources/StructureDefinition-mii-pr-onko-strahlentherapie.json	15947	2	0	166	0	0	0	0	0	28	0	0	0	0	0	0	0	2	0	0	0	391	873	0	0	0	13	0	2
fsh-generated/resources/StructureDefinition-mii-pr-onko-studienteilnahme.json	7309	2	0	71	0	0	0	0	0	15	0	0	1	0	0	0	0	1	0	0	1	226	526	0	0	0	7	0	1
fsh-generated/resources/StructureDefinition-mii-pr-onko-systemische-therapie-medikation.json	10616	2	0	317	1	0	0	0	0	37	0	0	0	0	0	0	0	3	0	0	0	469	1972	0	0	0	16	0	6
fsh-generated/resources/StructureDefinition-mii-pr-onko-systemische-therapie.json	21303	4	0	330	0	0	0	0	0	37	0	0	0	0	0	0	0	1	0	0	1	367	961	0	0	0	13	0	3
fsh-generated/resources/StructureDefinition-mii-pr-onko-therapieempfehlung-kombinationstherapie.json	5718	2	0	101	0	0	0	0	0	15	0	0	1	0	0	0	0	1	0	0	0	160	558	0	0	0	6	0	1
fsh-generated/resources/StructureDefinition-mii-pr-onko-therapieempfehlung-medikation.json	4344	1	0	454	0	0	0	0	0	34	1	0	0	0	0	0	0	3	0	0	0	470	1602	0	0	0	16	0	5
fsh-generated/resources/StructureDefinition-mii-pr-onko-therapieempfehlung-operation.json	2906	1	0	63	0	0	0	0	0	12	0	0	0	0	0	0	0	1	0	0	0	173	418	0	0	0	4	0	1
fsh-generated/resources/StructureDefinition-mii-pr-onko-tnm-a-symbol.json	6675	2	0	75	0	0	0	0	0	17	0	0	1	0	0	0	0	0	0	0	0	254	751	0	0	0	7	0	1
fsh-generated/resources/StructureDefinition-mii-pr-onko-tnm-klassifikation.json	10023	2	0	94	0	0	0	0	0	17	0	0	0	0	0	0	0	1	0	0	0	451	655	0	0	0	7	0	1
fsh-generated/resources/StructureDefinition-mii-pr-onko-tnm-l-kategorie.json	6939	2	0	82	0	0	0	0	0	17	0	0	0	0	0	0	0	1	0	0	1	225	515	0	0	0	6	0	1
fsh-generated/resources/StructureDefinition-mii-pr-onko-tnm-m-kategorie.json	10865	2	0	123	0	0	0	0	0	22	0	0	0	0	0	0	0	1	0	0	0	250	641	0	0	0	8	1	2
fsh-generated/resources/StructureDefinition-mii-pr-onko-tnm-m-symbol.json	6724	2	0	81	0	0	0	0	0	15	0	0	1	0	0	0	0	1	0	0	0	175	579	0	0	0	7	0	1
fsh-generated/resources/StructureDefinition-mii-pr-onko-tnm-n-kategorie.json	11415	2	0	132	0	0	0	0	1	22	0	0	0	0	0	0	0	1	0	0	0	222	659	0	0	0	8	0	1
fsh-generated/resources/StructureDefinition-mii-pr-onko-tnm-pn-kategorie.json	7988	2	0	100	0	0	0	0	0	16	0	0	0	0	0	0	0	0	0	0	1	179	504	0	0	0	7	0	1
fsh-generated/resources/StructureDefinition-mii-pr-onko-tnm-r-symbol.json	6673	2	0	78	0	0	0	0	0	15	0	0	0	0	0	0	0	1	0	0	0	184	605	0	0	0	6	0	1
fsh-generated/resources/StructureDefinition-mii-pr-onko-tnm-s-kategorie.json	6999	2	0	89	0	0	0	0	0	16	0	0	0	0	0	0	0	1	0	0	0	162	558	0	0	0	7	0	1
fsh-generated/resources/StructureDefinition-mii-pr-onko-tnm-t-kategorie.json	9437	2	0	106	0	0	0	0	0	19	0	0	1	0	0	0	0	1	0	0	0	214	625	0	0	0	8	0	2
fsh-generated/resources/StructureDefinition-mii-pr-onko-tnm-v-kategorie.json	7023	2	0	84	0	0	0	0	0	15	0	0	0	0	0	0	0	1	0	0	1	170	512	0	0	0	7	0	1
fsh-generated/resources/StructureDefinition-mii-pr-onko-tnm-y-symbol.json	6784	1	0	78	1	0	0	0	0	15	0	0	0	0	0	0	0	1	0	0	0	249	535	0	0	0	6	0	1
fsh-generated/resources/StructureDefinition-mii-pr-onko-tod.json	8071	2	0	82	0	0	0	0	0	16	0	0	0	0	0	0	0	0	0	0	0	214	695	0	0	0	7	0	1
fsh-generated/resources/StructureDefinition-mii-pr-onko-tumorgroesse.json	7372	2	0	90	0	0	0	0	0	19	0	0	1	0	0	0	0	1	0	0	1	201	568	0	0	0	8	0	2
fsh-generated/resources/StructureDefinition-mii-pr-onko-tumorkonferenz.json	16205	3	0	151	0	0	0	0	0	32	0	0	0	0	0	0	0	2	0	0	0	296	923	0	0	0	12	0	2
fsh-generated/resources/StructureDefinition-mii-pr-onko-verlauf.json	17016	4	0	159	0	0	0	0	0	37	0	0	0	0	0	0	0	1	0	0	0	363	862	0	1	0	13	0	2
fsh-generated/resources/StructureDefinition-mii-pr-onko-weitere-klassifikationen.json	10882	2	0	79	0	0	0	0	0	16	0	0	1	0	0	0	0	0	0	0	1	164	651	0	0	0	7	0	1
fsh-generated/resources/ValueSet-mii-vs-onko-allgemeiner-leistungszustand-ecog.json	1040	1	0	0	0	0	0	0	0	443	0	0	0	0	0	0	0	0	0	0	3	13	84	0	0	0	0	0	0
fsh-generated/resources/ValueSet-mii-vs-onko-allgemeiner-leistungszustand-karnofsky.json	1070	1	0	0	0	0	0	0	0	3	0	0	0	0	0	0	0	0	0	0	3	7	57	0	0	0	1	0	0
fsh-generated/resources/ValueSet-mii-vs-onko-asa-loinc.json	1399	1	0	0	0	0	0	0	0	99	0	0	0	0	0	0	0	0	0	0	3	7	189	0	0	0	0	0	0
fsh-generated/resources/ValueSet-mii-vs-onko-asa-obds.json	939	1	0	0	0	0	0	0	0	3	0	0	0	0	0	0	0	0	0	0	2	11	39	0	0	0	0	0	0
fsh-generated/resources/ValueSet-mii-vs-onko-beurteilung-lokaler-residualstatus.json	1024	1	0	0	0	0	0	0	1	2	0	0	0	0	0	0	0	0	0	0	3	17	44	0	0	0	0	0	0
fsh-generated/resources/ValueSet-mii-vs-onko-fernmetastasen.json	912	1	0	0	0	0	0	0	0	2	0	0	0	0	0	0	0	0	0	0	2	6	43	0	0	0	0	0	0
fsh-generated/resources/ValueSet-mii-vs-onko-genetische-variante-auspraegung.json	1019	1	0	0	1	0	0	0	0	2	0	0	0	0	0	0	0	0	0	0	3	7	90	0	0	0	0	0	0
fsh-generated/resources/ValueSet-mii-vs-onko-gesamtbeurteilung-residualstatus.json	1014	1	0	0	0	0	0	0	0	2	0	0	0	0	0	0	0	0	0	0	2	6	32	0	0	0	0	0	0
fsh-generated/resources/ValueSet-mii-vs-onko-grading.json	946	1	0	0	0	0	0	0	0	3	0	0	0	0	0	0	0	0	0	0	3	6	104	0	0	0	1	0	0
fsh-generated/resources/ValueSet-mii-vs-onko-icdo3-morphologie.json	1059	1	0	0	0	0	0	0	0	63	0	0	0	0	0	0	0	0	0	0	2	6	64	0	0	0	0	0	0
fsh-generated/resources/ValueSet-mii-vs-onko-icdo3-topographie.json	1031	1	0	0	0	0	0	0	0	31	0	0	0	0	0	0	0	0	0	0	3	16	95	0	0	0	0	0	0
fsh-generated/resources/ValueSet-mii-vs-onko-krk-abstand-circumferelle-resektionsrand.json	1304	1	0	0	0	0	0	0	0	61	0	0	0	0	0	0	0	0	0	0	2	7	34	0	0	0	0	0	0
fsh-generated/resources/ValueSet-mii-vs-onko-krk-abstand-resektionslinie-aboral.json	1270	1	0	0	0	0	0	0	0	63	0	0	0	0	0	0	0	0	0	0	3	8	32	0	0	0	0	0	0
fsh-generated/resources/ValueSet-mii-vs-onko-krk-anastomoseninsuffizienz.json	955	1	0	0	0	0	0	0	0	1	0	0	0	0	0	0	0	0	0	0	2	6	29	0	0	0	0	0	0
fsh-generated/resources/ValueSet-mii-vs-onko-krk-mrt-mesorektale-faszie-status.json	1029	1	0	0	0	0	0	0	0	1	0	0	0	0	0	0	0	0	0	0	3	6	28	0	0	0	0	0	0
fsh-generated/resources/ValueSet-mii-vs-onko-krk-stoma-anzeichnung.json	946	1	0	0	0	0	0	0	0	2	0	0	0	0	0	0	0	0	0	0	2	8	29	0	0	0	1	0	0
fsh-generated/resources/ValueSet-mii-vs-onko-krk-stoma-status-reason.json	1332	1	0	0	0	0	0	0	0	62	0	0	0	0	0	0	0	0	0	0	3	7	91	0	0	0	0	0	0
fsh-generated/resources/ValueSet-mii-vs-onko-krk-tme-qualitaet.json	955	1	0	0	0	0	0	0	0	2	0	0	0	0	0	0	0	0	0	0	2	6	30	0	0	0	0	0	0
fsh-generated/resources/ValueSet-mii-vs-onko-mamma-her2neu-status-leitlinie.json	1018	1	0	0	0	0	0	0	0	2	0	0	0	0	0	0	0	0	0	0	2	6	28	0	0	0	0	0	0
fsh-generated/resources/ValueSet-mii-vs-onko-mamma-her2neu-status-obds.json	961	1	0	0	0	0	0	0	1	1	0	0	0	0	0	0	0	0	0	0	3	8	28	0	0	0	0	0	0
fsh-generated/resources/ValueSet-mii-vs-onko-mamma-intraoperatives-imaging-praeparat.json	1049	1	0	0	0	0	1	0	0	62	0	0	0	0	0	0	0	0	0	0	3	6	86	0	0	0	0	0	0
fsh-generated/resources/ValueSet-mii-vs-onko-mamma-menopause-status.json	1193	1	0	0	0	0	0	0	0	59	0	0	0	0	0	0	0	0	0	0	2	7	30	0	0	0	0	0	0
fsh-generated/resources/ValueSet-mii-vs-onko-mamma-operation-ops.json	960	1	0	0	0	0	0	0	0	89	0	0	0	0	0	0	0	0	0	0	2	6	270	0	0	0	1	0	0
fsh-generated/resources/ValueSet-mii-vs-onko-mamma-operation-sct.json	961	2	0	0	0	0	0	0	0	30	0	0	0	0	0	0	0	0	0	0	3	6	96	0	0	0	0	0	0
fsh-generated/resources/ValueSet-mii-vs-onko-mamma-praeoperative-markierung-modalitaet.json	1598	1	0	0	0	0	0	0	0	59	0	0	0	0	0	0	0	0	0	0	2	25	95	0	0	0	0	0	0
fsh-generated/resources/ValueSet-mii-vs-onko-mamma-rezeptorstatus-leitlinie.json	924	1	0	0	1	0	0	0	0	2	0	0	0	0	0	0	0	0	0	0	3	15	31	0	0	0	0	0	0
fsh-generated/resources/ValueSet-mii-vs-onko-mamma-rezeptorstatus-obds.json	1111	1	0	0	0	0	0	0	0	61	0	0	0	0	0	0	0	0	0	0	2	7	36	0	0	0	0	0	1
fsh-generated/resources/ValueSet-mii-vs-onko-melanom-exzision-snomedct.json	1153	1	0	0	0	0	0	0	0	59	0	0	0	0	0	0	0	0	0	0	3	6	92	0	0	0	0	0	0
fsh-generated/resources/ValueSet-mii-vs-onko-melanom-ldh.json	1343	1	0	0	0	0	0	0	0	120	0	0	0	0	0	0	0	0	0	0	2	8	49	0	0	0	0	0	0
fsh-generated/resources/ValueSet-mii-vs-onko-melanom-ulzeration.json	1111	1	0	0	0	0	0	0	0	4	0	0	0	0	0	0	0	0	0	0	3	7	31	0	0	0	1	0	0
fsh-generated/resources/ValueSet-mii-vs-onko-nebenwirkung-art.json	1172	1	0	0	0	0	0	0	0	1243	0	0	0	0	0	0	0	0	0	0	2	7	94	0	0	0	0	0	0
fsh-generated/resources/ValueSet-mii-vs-onko-nebenwirkung-ctcae-grad.json	977	1	0	0	0	0	0	0	0	2	0	0	0	0	0	0	0	0	0	0	3	6	32	0	0	0	0	0	0
fsh-generated/resources/ValueSet-mii-vs-onko-operation-intention.json	1508	1	0	0	0	0	0	0	0	3	0	0	0	0	0	0	0	0	0	0	2	8	31	0	0	0	0	0	0
fsh-generated/resources/ValueSet-mii-vs-onko-operation-komplikation.json	989	1	0	0	0	0	0	0	0	2	0	0	0	0	0	0	0	0	0	0	3	7	52	0	0	0	0	0	0
fsh-generated/resources/ValueSet-mii-vs-onko-operation-urgency.json	939	1	0	0	0	0	0	0	0	1	0	0	0	0	0	0	0	0	0	0	2	9	28	0	0	0	0	0	0
fsh-generated/resources/ValueSet-mii-vs-onko-ops-nuklearmedizin.json	1169	1	0	0	0	0	0	0	0	115	0	0	0	0	0	0	0	0	0	0	3	8	265	0	0	0	0	0	0
fsh-generated/resources/ValueSet-mii-vs-onko-ops-strahlentherapie.json	1165	1	0	0	0	0	0	0	1	115	0	0	0	0	0	0	0	0	0	0	3	7	379	0	0	0	1	0	0
fsh-generated/resources/ValueSet-mii-vs-onko-primaertumor-diagnosesicherung.json	1050	1	0	0	0	0	0	0	0	2	0	0	0	0	0	0	0	0	0	0	2	7	45	0	0	0	0	0	0
fsh-generated/resources/ValueSet-mii-vs-onko-prostata-clavien-dindo.json	2017	2	0	0	0	0	0	0	0	59	0	0	0	0	0	0	0	0	0	0	3	9	34	0	0	0	0	0	0
fsh-generated/resources/ValueSet-mii-vs-onko-prostata-gleason-patterns.json	1619	1	0	0	0	0	0	0	0	59	0	0	0	0	0	0	0	0	0	0	2	8	30	0	0	0	0	0	0
fsh-generated/resources/ValueSet-mii-vs-onko-prostata-gleason-primary-secondary-tertiary.json	1657	1	0	0	0	0	0	0	0	58	0	0	0	0	0	0	0	0	0	0	3	9	38	0	0	0	0	0	0
fsh-generated/resources/ValueSet-mii-vs-onko-prostata-gleason-score.json	2517	2	0	0	0	0	0	0	0	58	0	0	0	0	0	0	0	0	0	0	2	10	31	0	0	0	0	0	0
fsh-generated/resources/ValueSet-mii-vs-onko-prostata-operation-snomedct.json	1137	1	0	0	0	0	0	0	0	31	0	0	0	0	0	0	0	0	0	0	3	9	133	0	0	0	1	0	0
fsh-generated/resources/ValueSet-mii-vs-onko-prostata-postsurgical-complications.json	947	1	0	0	0	0	0	0	0	2	0	0	0	0	0	0	0	0	0	0	2	7	44	0	0	0	0	0	0
fsh-generated/resources/ValueSet-mii-vs-onko-prostata-psa-loinc.json	1250	2	0	0	0	0	0	0	0	61	0	0	0	0	0	0	0	0	0	0	3	7	33	0	0	0	0	0	0
fsh-generated/resources/ValueSet-mii-vs-onko-seitenlokalisation.json	982	1	0	0	1	0	0	0	0	2	0	0	0	0	0	0	0	0	0	0	2	7	31	0	0	0	0	0	0
fsh-generated/resources/ValueSet-mii-vs-onko-strahlentherapie-applikationsart.json	1046	1	0	0	0	0	0	0	0	1	0	0	0	0	0	0	0	0	0	0	3	7	36	0	0	0	0	0	0
fsh-generated/resources/ValueSet-mii-vs-onko-strahlentherapie-boost.json	986	1	0	0	0	0	0	0	0	2	0	0	0	0	0	0	0	0	0	0	2	14	27	0	0	0	0	0	0
fsh-generated/resources/ValueSet-mii-vs-onko-strahlentherapie-ende-grund.json	1862	1	0	0	0	0	0	0	1	3	0	0	0	0	0	0	0	0	0	0	3	9	45	0	0	0	1	0	0
fsh-generated/resources/ValueSet-mii-vs-onko-strahlentherapie-intention.json	1475	1	0	0	0	0	0	0	0	3	0	0	0	0	0	0	0	0	0	0	2	7	35	0	0	0	0	0	0
fsh-generated/resources/ValueSet-mii-vs-onko-strahlentherapie-stellungzurop.json	1002	1	0	0	0	0	0	0	0	1	0	0	0	0	0	0	0	0	0	0	3	6	37	0	0	0	0	0	0
fsh-generated/resources/ValueSet-mii-vs-onko-strahlentherapie-strahlenart.json	1015	1	0	0	0	0	0	0	0	1	0	0	0	0	0	0	0	0	0	0	2	15	30	0	0	0	0	0	0
fsh-generated/resources/ValueSet-mii-vs-onko-strahlentherapie-strahlungseinheit.json	1319	1	0	0	0	0	0	0	0	90	0	0	0	0	0	0	0	0	0	0	3	43	100	0	0	0	0	0	0
fsh-generated/resources/ValueSet-mii-vs-onko-strahlentherapie-zielgebiet.json	1230	1	0	0	0	0	0	0	0	2	0	0	0	0	0	0	0	0	0	0	2	8	83	0	0	0	1	0	0
fsh-generated/resources/ValueSet-mii-vs-onko-studienteilnahme.json	930	1	0	0	0	0	0	0	0	1	0	0	0	0	0	0	0	0	0	0	3	6	43	0	0	0	0	0	0
fsh-generated/resources/ValueSet-mii-vs-onko-systemische-therapie-art.json	2425	1	0	0	0	0	0	0	0	4	0	0	0	0	0	0	0	0	0	0	2	10	76	0	0	0	0	0	0
fsh-generated/resources/ValueSet-mii-vs-onko-systemische-therapie-ende-grund.json	1975	1	0	0	0	0	0	0	0	3	0	0	0	0	0	0	0	0	0	0	3	136	34	0	0	0	0	0	0
fsh-generated/resources/ValueSet-mii-vs-onko-systemische-therapie-intention.json	1383	1	0	0	0	0	0	0	0	3	0	0	0	0	0	0	0	0	0	0	2	28	30	0	0	0	0	0	0
fsh-generated/resources/ValueSet-mii-vs-onko-systemische-therapie-protokolle.json	1017	1	0	0	0	0	0	0	0	1	0	0	0	0	0	0	0	0	0	0	3	6	59	0	0	0	0	0	0
fsh-generated/resources/ValueSet-mii-vs-onko-systemische-therapie-stellungzurop.json	1497	2	0	0	0	0	0	0	0	3	0	0	0	0	0	0	0	0	0	0	2	7	31	0	0	0	1	0	0
fsh-generated/resources/ValueSet-mii-vs-onko-systemische-therapie-substanzen-2018.json	28672	3	0	0	0	0	0	0	2	102	0	0	0	0	0	0	0	0	0	0	4	44	187	0	0	0	2	0	1
fsh-generated/resources/ValueSet-mii-vs-onko-systemische-therapie-substanzen-2019.json	29616	4	0	0	0	0	0	0	2	81	0	0	0	0	0	0	0	1	0	0	5	42	147	0	0	0	2	0	0
fsh-generated/resources/ValueSet-mii-vs-onko-systemische-therapie-substanzen-2020.json	30827	4	0	0	0	0	0	0	2	80	0	0	0	0	0	0	0	0	0	0	4	52	151	0	0	0	3	0	0
fsh-generated/resources/ValueSet-mii-vs-onko-systemische-therapie-substanzen-2021.json	32776	4	0	0	0	0	0	0	2	77	0	0	0	0	0	0	0	0	0	0	4	49	167	0	0	0	2	0	0
fsh-generated/resources/ValueSet-mii-vs-onko-systemische-therapie-substanzen-2022.json	37922	4	0	0	0	0	0	0	3	73	0	0	0	0	0	0	0	0	0	0	5	113	157	0	0	0	4	0	1
fsh-generated/resources/ValueSet-mii-vs-onko-systemische-therapie-substanzen-2023.json	39574	5	0	0	0	0	0	0	2	72	0	0	0	0	0	0	0	0	0	0	4	62	159	0	0	0	3	0	0
fsh-generated/resources/ValueSet-mii-vs-onko-systemische-therapie-substanzen-2024.json	40222	5	0	0	0	0	0	0	3	69	0	0	0	0	0	0	0	0	0	0	5	60	279	0	0	0	4	0	1
fsh-generated/resources/ValueSet-mii-vs-onko-systemische-therapie-substanzen-2025.json	40594	5	0	0	0	0	0	0	2	69	0	0	0	0	0	0	0	0	0	0	5	65	164	0	0	0	4	0	0
fsh-generated/resources/ValueSet-mii-vs-onko-systemische-therapie-substanzen-2026.json	42780	5	0	0	1	0	0	0	3	74	0	0	0	0	0	0	0	1	0	0	5	93	169	0	0	0	4	0	1
fsh-generated/resources/ValueSet-mii-vs-onko-systemische-therapie-substanzen-unii.json	10902	2	0	0	0	0	0	0	1	124	0	0	0	0	0	0	0	0	0	0	3	21	6663	0	0	0	0	0	0
fsh-generated/resources/ValueSet-mii-vs-onko-systemische-therapie-substanzen.json	50320	5	0	0	0	0	0	0	3	76	0	0	0	0	0	0	0	0	0	0	5	71	396	0	0	0	5	0	0
fsh-generated/resources/ValueSet-mii-vs-onko-therapieabweichung.json	966	1	0	0	0	0	0	0	0	3	0	0	0	0	0	0	0	0	0	0	2	7	39	0	0	0	1	0	0
fsh-generated/resources/ValueSet-mii-vs-onko-therapieempfehlung-typ.json	955	1	0	0	0	0	0	0	0	1	0	0	0	0	0	0	0	0	0	0	2	6	30	0	0	0	0	0	0
fsh-generated/resources/ValueSet-mii-vs-onko-therapieplanung-typ.json	947	1	0	0	0	0	0	0	0	2	0	0	0	0	0	0	0	0	0	0	3	6	28	0	0	0	0	0	0
fsh-generated/resources/ValueSet-mii-vs-onko-tnm-cp-praefix.json	1195	2	0	0	0	0	0	0	0	3	0	0	0	0	0	0	0	0	0	0	2	7	226	0	0	0	0	0	0
fsh-generated/resources/ValueSet-mii-vs-onko-tnm-itc-suffix.json	1320	1	0	0	0	0	0	0	0	3	0	0	0	0	0	0	0	0	0	0	3	7	33	0	0	0	0	0	0
fsh-generated/resources/ValueSet-mii-vs-onko-tnm-klassifikation-typ.json	1567	1	0	0	0	0	0	0	0	58	0	0	0	0	0	0	0	0	0	0	2	7	31	0	0	0	0	0	0
fsh-generated/resources/ValueSet-mii-vs-onko-tnm-l-kategorie-werte.json	1243	1	0	0	0	0	0	0	0	3	0	0	0	0	0	0	0	0	0	0	3	31	27	0	0	0	1	0	0
fsh-generated/resources/ValueSet-mii-vs-onko-tnm-m-kategorie-werte.json	1533	1	0	0	0	0	0	0	0	4	0	0	0	0	0	0	0	0	0	0	2	8	30	0	0	0	0	0	0
fsh-generated/resources/ValueSet-mii-vs-onko-tnm-m-kategorie.json	1273	1	0	0	0	0	0	0	0	58	0	0	0	0	0	0	0	0	0	0	3	7	28	0	0	0	0	0	0
fsh-generated/resources/ValueSet-mii-vs-onko-tnm-m-symbol.json	1696	1	0	0	0	0	0	0	0	3	0	0	0	0	0	0	0	0	0	0	2	8	29	0	0	0	0	0	0
fsh-generated/resources/ValueSet-mii-vs-onko-tnm-n-kategorie-werte.json	2181	1	0	0	0	0	0	0	1	4	0	0	0	0	0	0	0	0	0	0	3	10	30	0	0	0	0	0	0
fsh-generated/resources/ValueSet-mii-vs-onko-tnm-n-kategorie.json	1273	1	0	0	0	0	0	0	0	59	0	0	0	0	0	0	0	0	0	0	3	8	28	0	0	0	0	0	0
fsh-generated/resources/ValueSet-mii-vs-onko-tnm-pn-kategorie-werte.json	1247	1	0	0	0	0	0	0	0	4	0	0	0	0	0	0	0	0	0	0	3	7	298	0	0	0	0	0	0
fsh-generated/resources/ValueSet-mii-vs-onko-tnm-s-kategorie-werte.json	1377	1	0	0	0	0	0	0	0	3	0	0	0	0	0	0	0	0	0	0	2	9	59	0	0	0	1	0	0
fsh-generated/resources/ValueSet-mii-vs-onko-tnm-sn-suffix.json	1075	1	0	0	0	0	0	0	0	3	0	0	0	0	0	0	0	0	0	0	3	7	32	0	0	0	0	0	1
fsh-generated/resources/ValueSet-mii-vs-onko-tnm-t-kategorie-werte.json	4446	1	0	0	0	0	0	0	0	5	0	0	0	0	0	0	0	0	0	0	3	43	40	0	0	0	0	0	0
fsh-generated/resources/ValueSet-mii-vs-onko-tnm-t-kategorie.json	1272	1	0	0	0	0	0	0	0	58	0	0	0	0	0	0	0	0	0	0	2	8	29	0	0	0	0	0	0
fsh-generated/resources/ValueSet-mii-vs-onko-tnm-uicc-stadium.json	3702	1	0	0	0	0	0	0	0	6	0	0	0	0	0	0	0	0	0	0	3	14	35	0	0	0	1	0	0
fsh-generated/resources/ValueSet-mii-vs-onko-tnm-v-kategorie-werte.json	1315	1	0	0	0	0	0	0	0	3	0	0	0	0	0	0	0	0	0	0	3	11	301	0	0	0	0	0	0
fsh-generated/resources/ValueSet-mii-vs-onko-tnm-version.json	931	1	0	0	1	0	0	0	1	2	0	0	0	0	0	0	0	0	0	0	2	7	30	0	0	0	0	0	0
fsh-generated/resources/ValueSet-mii-vs-onko-tod.json	857	1	0	0	0	0	0	0	0	2	0	0	0	0	0	0	0	0	0	0	3	6	370	0	0	0	0	0	0
fsh-generated/resources/ValueSet-mii-vs-onko-verlauf-fernmetastasen.json	995	1	0	0	0	0	0	0	0	2	0	0	0	0	0	0	0	0	0	0	2	6	552	0	0	0	0	0	0
fsh-generated/resources/ValueSet-mii-vs-onko-verlauf-gesamtbeurteilung.json	997	1	0	0	0	0	0	0	0	2	0	0	0	0	0	0	0	0	0	0	3	99	176	0	0	0	0	0	0
fsh-generated/resources/ValueSet-mii-vs-onko-verlauf-lymphknoten.json	977	1	0	0	0	0	0	0	0	1	0	0	0	0	0	0	0	0	0	0	2	7	30	0	0	0	0	0	0
fsh-generated/resources/ValueSet-mii-vs-onko-verlauf-primaertumor.json	984	1	0	0	0	0	0	0	0	1	0	0	0	0	0	0	0	0	0	0	3	7	67	0	0	0	0	0	0
fsh-generated/resources/ValueSet-mii-vs-onko-weitere-klassifikationen-auspraegungen.json	7998	1	0	0	0	0	0	0	0	63	0	0	0	0	0	0	0	0	0	0	2	179	70	0	0	0	1	0	0
fsh-generated/resources/ValueSet-mii-vs-onko-weitere-klassifikationen.json	10054	2	0	0	0	0	0	0	1	148	0	0	0	0	0	0	0	0	0	0	3	48	45	0	0	0	1	0	0
input/resources/Parameters-expansion-manifest.json	509	1	0	0	0	0	0	0	2	0	0	0	0	0	0	0	0	0	0	0	3	58	2362	0	0	0	0	0	1
/input/includes/menu.xml	5938	-	-	-	0	0	0	0	0	0	0	0	0	0	0	0	0	0	0	0	0	0	1	0	0	0	0	0	0
/fsh-generated/includes/fsh-link-references.md	46314	-	-	-	0	0	0	0	0	0	0	0	0	0	0	0	0	0	0	0	0	0	3	0	0	0	0	0	0
/input/intro-notes/ConceptMap-mii-cm-onko-seitenlokalisation-sct-intro.md	345	-	-	-	0	0	0	0	0	0	0	0	0	0	0	0	0	0	0	0	0	0	0	0	0	0	0	0	0
/input/intro-notes/StructureDefinition-mii-pr-onko-befund-intro.md	1665	-	-	-	0	0	0	0	0	0	0	0	0	0	0	0	0	0	0	0	0	0	0	0	0	0	0	0	0
/input/intro-notes/ConceptMap-mii-cm-onko-allgemeiner-leistungszustand-sct-intro.md	569	-	-	-	0	0	0	0	0	0	0	0	0	0	0	0	0	0	0	0	0	0	0	0	0	0	0	0	0
/input/intro-notes/StructureDefinition-mii-pr-onko-melanom-ldh-intro.md	2755	-	-	-	0	0	0	0	0	0	0	0	0	0	0	0	0	0	0	0	0	0	1	0	0	0	0	0	0
/input/intro-notes/StructureDefinition-mii-pr-onko-krk-mrt-mesorektale-faszie-intro.md	3209	-	-	-	0	0	0	0	0	0	0	0	0	0	0	0	0	0	0	0	0	0	0	0	0	0	0	0	0
/input/intro-notes/ConceptMap-mii-cm-onko-strahlentherapie-strahlenart-sct-intro.md	447	-	-	-	0	0	0	0	0	0	0	0	0	0	0	0	0	0	0	0	0	0	0	0	0	0	0	0	0
/input/intro-notes/StructureDefinition-mii-pr-onko-fernmetastasen-intro.md	2687	-	-	-	0	0	0	0	0	0	0	0	0	0	0	0	0	0	0	0	0	0	0	0	0	0	0	0	0
/input/intro-notes/ConceptMap-mii-cm-onko-operation-komplikation-sct-intro.md	420	-	-	-	0	0	0	0	0	0	0	0	0	0	0	0	0	0	0	0	0	0	0	0	0	0	0	0	0
/input/intro-notes/StructureDefinition-mii-pr-onko-systemische-therapie-medikation-intro.md	2015	-	-	-	0	0	0	0	0	0	0	0	0	0	0	0	0	0	0	0	0	0	1	0	0	0	0	0	0
/input/intro-notes/ConceptMap-mii-cm-onko-verlauf-fernmetastasen-sct-intro.md	431	-	-	-	0	0	0	0	0	0	0	0	0	0	0	0	0	0	0	0	0	0	0	0	0	0	0	0	0
/input/intro-notes/ConceptMap-mii-cm-onko-therapieplanung-sct-intro.md	375	-	-	-	0	0	0	0	0	0	0	0	0	0	0	0	0	0	0	0	0	0	0	0	0	0	0	0	0
/input/intro-notes/ConceptMap-mii-cm-onko-strahlentherapie-zielgebiet-sct-intro.md	571	-	-	-	0	0	0	0	0	0	0	0	0	0	0	0	0	0	0	0	0	0	0	0	0	0	0	0	0
/input/intro-notes/StructureDefinition-mii-pr-onko-residualstatus-intro.md	1977	-	-	-	0	0	0	0	0	0	0	0	0	0	0	0	0	0	0	0	0	0	0	0	0	0	0	0	0
/input/intro-notes/StructureDefinition-mii-pr-onko-prostate-clavien-dindo-intro.md	3028	-	-	-	0	0	0	0	0	0	0	0	0	0	0	0	0	0	0	0	0	0	1	0	0	0	0	0	0
/input/intro-notes/StructureDefinition-mii-pr-onko-tnm-m-symbol-intro.md	1326	-	-	-	0	0	0	0	0	0	0	0	0	0	0	0	0	0	0	0	0	0	0	0	0	0	0	0	0
/input/intro-notes/StructureDefinition-mii-pr-onko-strahlentherapie-bestrahlung-nuklearmedizin-intro.md	2304	-	-	-	0	0	0	0	0	0	0	0	0	0	0	0	0	0	0	0	0	0	0	0	0	0	0	0	0
/input/intro-notes/ConceptMap-mii-cm-onko-therapie-ende-sct-intro.md	516	-	-	-	0	0	0	0	0	0	0	0	0	0	0	0	0	0	0	0	0	0	0	0	0	0	0	0	0
/input/intro-notes/StructureDefinition-mii-pr-onko-anzahl-befallene-sentinel-lymphknoten-intro.md	4515	-	-	-	0	0	0	0	0	0	0	0	0	0	0	0	0	0	0	0	0	0	1	0	0	0	0	0	0
/input/intro-notes/StructureDefinition-mii-pr-onko-tnm-a-symbol-intro.md	1138	-	-	-	0	0	0	0	0	0	0	0	0	0	0	0	0	0	0	0	0	0	0	0	0	0	0	0	0
/input/intro-notes/StructureDefinition-mii-pr-onko-mamma-operation-intro.md	3836	-	-	-	0	0	0	0	0	0	0	0	0	0	0	0	0	0	0	0	0	0	0	0	0	0	0	0	0
/input/intro-notes/StructureDefinition-mii-pr-onko-tnm-pn-kategorie-intro.md	1104	-	-	-	0	0	0	0	0	0	0	0	0	0	0	0	0	0	0	0	0	0	0	0	0	0	0	0	0
/input/intro-notes/StructureDefinition-mii-pr-onko-tumorgroesse-intro.md	3294	-	-	-	0	0	0	0	0	0	0	0	0	0	0	0	0	0	0	0	0	0	0	0	0	0	0	0	0
/input/intro-notes/StructureDefinition-mii-pr-onko-tnm-klassifikation-intro.md	1427	-	-	-	0	0	0	0	0	0	0	0	0	0	0	0	0	0	0	0	0	0	1	0	0	0	0	0	0
/input/intro-notes/StructureDefinition-mii-pr-onko-prostate-ca-befall-stanze-intro.md	2354	-	-	-	0	0	0	0	0	0	0	0	0	0	0	0	0	0	0	0	0	0	0	0	0	0	0	0	0
/input/intro-notes/ConceptMap-mii-cm-onko-strahlentherapie-strahleneinheit-sct-intro.md	363	-	-	-	0	0	0	0	0	0	0	0	0	0	0	0	0	0	0	0	0	0	0	0	0	0	0	0	0
/input/intro-notes/StructureDefinition-mii-pr-onko-tnm-v-kategorie-intro.md	1120	-	-	-	0	0	0	0	0	0	0	0	0	0	0	0	0	0	0	0	0	0	0	0	0	0	0	0	0
/input/intro-notes/StructureDefinition-mii-ex-onko-strahlentherapie-bestrahlung-seitenlokalisation-intro.md	363	-	-	-	0	0	0	0	0	0	0	0	0	0	0	0	0	0	0	0	0	0	0	0	0	0	0	0	0
/input/intro-notes/StructureDefinition-mii-ex-onko-operation-intention-intro.md	326	-	-	-	0	0	0	0	0	0	0	0	0	0	0	0	0	0	0	0	0	0	0	0	0	0	0	0	0
/input/intro-notes/StructureDefinition-mii-pr-onko-allgemeiner-leistungszustand-karnofsky-intro.md	3992	-	-	-	0	0	0	0	0	0	0	0	0	0	0	0	0	0	0	0	0	0	1	0	0	0	0	0	0
/input/intro-notes/StructureDefinition-mii-ex-onko-histology-morphology-behavior-icdo3-intro.md	1351	-	-	-	0	0	0	0	0	0	0	0	0	0	0	0	0	0	0	0	0	0	0	0	0	0	0	0	0
/input/intro-notes/ConceptMap-mii-cm-onko-primaertumor-diagnosesicherung-sct-intro.md	472	-	-	-	0	0	0	0	0	0	0	0	0	0	0	0	0	0	0	0	0	0	0	0	0	0	0	0	0
/input/intro-notes/StructureDefinition-mii-pr-onko-prostate-psa-intro.md	2098	-	-	-	0	0	0	0	0	0	0	0	0	0	0	0	0	0	0	0	0	0	0	0	0	0	0	0	0
/input/intro-notes/StructureDefinition-mii-pr-onko-mamma-menopause-status-intro.md	2310	-	-	-	0	0	0	0	0	0	0	0	0	0	0	0	0	0	0	0	0	0	0	0	0	0	0	0	0
/input/intro-notes/StructureDefinition-mii-pr-onko-systemische-therapie-intro.md	5409	-	-	-	0	0	0	0	0	0	0	0	0	0	0	0	0	0	0	0	0	0	1	0	0	0	0	0	0
/input/intro-notes/ConceptMap-mii-cm-onko-therapie-stellung-sct-intro.md	351	-	-	-	0	0	0	0	0	0	0	0	0	0	0	0	0	0	0	0	0	0	0	0	0	0	0	0	0
/input/intro-notes/StructureDefinition-mii-pr-onko-therapieempfehlung-medikation-intro.md	5567	-	-	-	0	0	0	0	0	0	0	0	0	0	0	0	0	0	0	0	0	0	0	0	0	0	0	0	0
/input/intro-notes/StructureDefinition-mii-ex-onko-strahlentherapie-bestrahlung-boost-intro.md	270	-	-	-	0	0	0	0	0	0	0	0	0	0	0	0	0	0	0	0	0	0	0	0	0	0	0	0	0
/input/intro-notes/StructureDefinition-mii-pr-onko-genetische-variante-intro.md	7461	-	-	-	0	0	0	0	0	0	0	0	0	0	0	0	0	0	0	0	0	0	0	0	0	0	0	0	0
/input/intro-notes/StructureDefinition-mii-pr-onko-operation-intro.md	8151	-	-	-	0	0	0	0	0	0	0	0	0	0	0	0	0	0	0	0	0	0	1	0	0	0	0	0	0
/input/intro-notes/StructureDefinition-mii-pr-onko-strahlentherapie-bestrahlung-strahlentherapie-intro.md	1580	-	-	-	0	0	0	0	0	0	0	0	0	0	0	0	0	0	0	0	0	0	0	0	0	0	0	0	0
/input/intro-notes/StructureDefinition-mii-pr-onko-allgemeiner-leistungszustand-ecog-intro.md	4176	-	-	-	0	0	0	0	0	0	0	0	0	0	0	0	0	0	0	0	0	0	0	0	0	0	0	0	0
/input/intro-notes/StructureDefinition-mii-pr-onko-prostate-gleason-grade-group-intro.md	2582	-	-	-	0	0	0	0	0	0	0	0	0	0	0	0	0	0	0	0	0	0	0	0	0	0	0	0	0
/input/intro-notes/ConceptMap-mii-cm-onko-strahlentherapie-applikationsart-sct-intro.md	515	-	-	-	0	0	0	0	0	0	0	0	0	0	0	0	0	0	0	0	0	0	0	0	0	0	0	0	0
/input/intro-notes/StructureDefinition-mii-pr-onko-tumorkonferenz-intro.md	8161	-	-	-	0	0	0	0	0	0	0	0	0	0	0	0	0	0	0	0	0	0	1	0	0	0	0	0	0
/input/intro-notes/ConceptMap-mii-cm-onko-residualstatus-uicc-sct-intro.md	491	-	-	-	0	0	0	0	0	0	0	0	0	0	0	0	0	0	0	0	0	0	0	0	0	0	0	0	0
/input/intro-notes/StructureDefinition-mii-ex-onko-strahlentherapie-bestrahlung-einzeldosis-intro.md	347	-	-	-	0	0	0	0	0	0	0	0	0	0	0	0	0	0	0	0	0	0	0	0	0	0	0	0	0
/input/intro-notes/StructureDefinition-mii-pr-onko-krk-abstand-anokutan-intro.md	2325	-	-	-	0	0	0	0	0	0	0	0	0	0	0	0	0	0	0	0	0	0	0	0	0	0	0	0	0
/input/intro-notes/StructureDefinition-mii-pr-onko-mamma-praeoperative-markierung-intro.md	3177	-	-	-	0	0	0	0	0	0	0	0	0	0	0	0	0	0	0	0	0	0	0	0	0	0	0	0	0
/input/intro-notes/StructureDefinition-mii-ex-onko-tnm-cp-praefix-intro.md	764	-	-	-	0	0	0	0	0	0	0	0	0	0	0	0	0	0	0	0	0	0	0	0	0	0	0	0	0
/input/intro-notes/StructureDefinition-mii-ex-onko-strahlentherapie-intention-intro.md	109	-	-	-	0	0	0	0	0	0	0	0	0	0	0	0	0	0	0	0	0	0	0	0	0	0	0	0	0
/input/intro-notes/StructureDefinition-mii-ex-onko-operation-urgency-intro.md	1653	-	-	-	0	0	0	0	0	0	0	0	0	0	0	0	0	0	0	0	0	0	1	0	0	0	0	0	0
/input/intro-notes/ConceptMap-mii-cm-onko-tnm-uicc-sct-clinical-intro.md	668	-	-	-	0	0	0	0	0	0	0	0	0	0	0	0	0	0	0	0	0	0	0	0	0	0	0	0	0
/input/intro-notes/StructureDefinition-mii-pr-onko-anzahl-befallene-lymphknoten-intro.md	4506	-	-	-	0	0	0	0	0	0	0	0	0	0	0	0	0	0	0	0	0	0	0	0	0	0	0	0	0
/input/intro-notes/StructureDefinition-mii-pr-onko-weitere-klassifikationen-intro.md	6084	-	-	-	0	0	0	0	0	0	0	0	0	0	0	0	0	0	0	0	0	0	0	0	0	0	0	0	0
/input/intro-notes/ConceptMap-mii-cm-onko-therapie-typ-sct-intro.md	410	-	-	-	0	0	0	0	0	0	0	0	0	0	0	0	0	0	0	0	0	0	0	0	0	0	0	0	0
/input/intro-notes/StructureDefinition-mii-pr-onko-melanom-breslow-tiefe-intro.md	2420	-	-	-	0	0	0	0	0	0	0	0	0	0	0	0	0	0	0	0	0	0	0	0	0	0	0	0	0
/input/intro-notes/StructureDefinition-mii-pr-onko-therapieempfehlung-kombinationstherapie-intro.md	5533	-	-	-	0	0	0	0	0	0	0	0	0	0	0	0	0	0	0	0	0	0	1	0	0	0	0	0	0
/input/intro-notes/StructureDefinition-mii-pr-onko-verlauf-intro.md	5525	-	-	-	0	0	0	0	0	0	0	0	0	0	0	0	0	0	0	0	0	0	0	0	0	0	0	0	0
/input/intro-notes/ConceptMap-mii-cm-onko-intention-sct-intro.md	408	-	-	-	0	0	0	0	0	0	0	0	0	0	0	0	0	0	0	0	0	0	0	0	0	0	0	0	0
/input/intro-notes/StructureDefinition-mii-pr-onko-krk-specimen-intro.md	2074	-	-	-	0	0	0	0	0	0	0	0	0	0	0	0	0	0	0	0	0	0	0	0	0	0	0	0	0
/input/intro-notes/StructureDefinition-mii-pr-onko-anzahl-untersuchte-sentinel-lymphknoten-intro.md	4515	-	-	-	0	0	0	0	0	0	0	0	0	0	0	0	0	0	0	0	0	0	0	0	0	0	0	0	0
/input/intro-notes/StructureDefinition-mii-pr-onko-histologie-icdo3-intro.md	3828	-	-	-	0	0	0	0	0	0	0	0	0	0	0	0	0	0	0	0	0	0	1	0	0	0	0	0	0
/input/intro-notes/StructureDefinition-mii-pr-onko-krk-abstand-aboral-intro.md	2402	-	-	-	0	0	0	0	0	0	0	0	0	0	0	0	0	0	0	0	0	0	0	0	0	0	0	0	0
/input/intro-notes/ConceptMap-mii-cm-onko-grading-sct-intro.md	279	-	-	-	0	0	0	0	0	0	0	0	0	0	0	0	0	0	0	0	0	0	0	0	0	0	0	0	0
/input/intro-notes/StructureDefinition-mii-pr-onko-tnm-n-kategorie-intro.md	1180	-	-	-	0	0	0	0	0	0	0	0	0	0	0	0	0	0	0	0	0	0	0	0	0	0	0	0	0
/input/intro-notes/Bundle-mii-exa-onko-melanom-bundle-intro.md	4075	-	-	-	0	0	0	0	0	0	0	0	0	0	0	0	0	0	0	0	0	0	0	0	0	0	0	0	0
/input/intro-notes/Bundle-mii-exa-onko-krk-bundle-intro.md	5108	-	-	-	0	0	0	0	0	0	0	0	0	0	0	0	0	0	0	0	0	0	0	0	0	0	0	0	0
/input/intro-notes/StructureDefinition-mii-pr-onko-krk-anastomoseninsuffizienz-intro.md	2395	-	-	-	0	0	0	0	0	0	0	0	0	0	0	0	0	0	0	0	0	0	0	0	0	0	0	0	0
/input/intro-notes/StructureDefinition-mii-pr-onko-diagnose-primaertumor-intro.md	6428	-	-	-	0	0	0	0	0	0	0	0	0	0	0	0	0	0	0	0	0	0	1	0	0	0	0	0	0
/input/intro-notes/Bundle-mii-exa-onko-mamma-example-bundle-1-intro.md	3472	-	-	-	0	0	0	0	0	0	0	0	0	0	0	0	0	0	0	0	0	0	0	0	0	0	0	0	0
/input/intro-notes/StructureDefinition-mii-pr-onko-prostate-anzahl-stanzen-intro.md	1688	-	-	-	0	0	0	0	0	0	0	0	0	0	0	0	0	0	0	0	0	0	0	0	0	0	0	0	0
/input/intro-notes/StructureDefinition-mii-pr-onko-tnm-m-kategorie-intro.md	1181	-	-	-	0	0	0	0	0	0	0	0	0	0	0	0	0	0	0	0	0	0	0	0	0	0	0	0	0
/input/intro-notes/StructureDefinition-mii-pr-onko-specimen-intro.md	1746	-	-	-	0	0	0	0	0	0	0	0	0	0	0	0	0	0	0	0	0	0	0	0	0	0	0	0	0
/input/intro-notes/ConceptMap-mii-cm-onko-studienteilnahme-sct-intro.md	517	-	-	-	0	0	0	0	0	0	0	0	0	0	0	0	0	0	0	0	0	0	0	0	0	0	0	0	0
/input/intro-notes/ConceptMap-mii-cm-onko-nebenwirkung-sct-intro.md	326	-	-	-	0	0	0	0	0	0	0	0	0	0	0	0	0	0	0	0	0	0	0	0	0	0	0	0	0
/input/intro-notes/ConceptMap-mii-cm-onko-tod-sct-intro.md	385	-	-	-	0	0	0	0	0	0	0	0	0	0	0	0	0	0	0	0	0	0	0	0	0	0	0	0	0
/input/intro-notes/ConceptMap-mii-cm-onko-therapieabweichung-sct-intro.md	358	-	-	-	0	0	0	0	0	0	0	0	0	0	0	0	0	0	0	0	0	0	0	0	0	0	0	0	0
/input/intro-notes/StructureDefinition-mii-pr-onko-krk-abstand-circumferelle-resektionsebene-intro.md	2659	-	-	-	0	0	0	0	0	0	0	0	0	0	0	0	0	0	0	0	0	0	1	0	0	0	0	0	0
/input/intro-notes/StructureDefinition-mii-pr-onko-tnm-s-kategorie-intro.md	1150	-	-	-	0	0	0	0	0	0	0	0	0	0	0	0	0	0	0	0	0	0	0	0	0	0	0	0	0
/input/intro-notes/StructureDefinition-mii-pr-onko-tod-intro.md	4666	-	-	-	0	0	0	0	0	0	0	0	0	0	0	0	0	0	0	0	0	0	0	0	0	0	0	0	0
/input/intro-notes/StructureDefinition-mii-pr-onko-mamma-rezeptorstatus-progesteron-intro.md	3723	-	-	-	0	0	0	0	0	0	0	0	0	0	0	0	0	0	0	0	0	0	0	0	0	0	0	0	0
/input/intro-notes/StructureDefinition-mii-pr-onko-tnm-t-kategorie-intro.md	1124	-	-	-	0	0	0	0	0	0	0	0	0	0	0	0	0	0	0	0	0	0	0	0	0	0	0	0	0
/input/intro-notes/StructureDefinition-mii-pr-onko-mamma-rezeptorstatus-estrogen-intro.md	3666	-	-	-	0	0	0	0	0	0	0	0	0	0	0	0	0	0	0	0	0	0	0	0	0	0	0	0	0
/input/intro-notes/StructureDefinition-mii-pr-onko-melanom-ulzeration-intro.md	2616	-	-	-	0	0	0	0	0	0	0	0	0	0	0	0	0	0	0	0	0	0	0	0	0	0	0	0	0
/input/intro-notes/StructureDefinition-mii-pr-onko-krk-operation-intro.md	2060	-	-	-	0	0	0	0	0	0	0	0	0	0	0	0	0	0	0	0	0	0	0	0	0	0	0	0	0
/input/intro-notes/StructureDefinition-mii-pr-onko-liste-evidenz-erstdiagnose-intro.md	1943	-	-	-	0	0	0	0	0	0	0	0	0	0	0	0	0	0	0	0	0	0	1	0	0	0	0	0	0
/input/intro-notes/ConceptMap-mii-cm-onko-verlauf-lymphknoten-sct-intro.md	322	-	-	-	0	0	0	0	0	0	0	0	0	0	0	0	0	0	0	0	0	0	0	0	0	0	0	0	0
/input/intro-notes/StructureDefinition-mii-pr-onko-prostate-gleason-patterns-intro.md	2320	-	-	-	0	0	0	0	0	0	0	0	0	0	0	0	0	0	0	0	0	0	0	0	0	0	0	0	0
/input/intro-notes/StructureDefinition-mii-pr-onko-anzahl-untersuchte-lymphknoten-intro.md	4506	-	-	-	0	0	0	0	0	0	0	0	0	0	0	0	0	0	0	0	0	0	0	0	0	0	0	0	0
/input/intro-notes/ConceptMap-mii-cm-onko-tnm-uicc-sct-pathological-intro.md	680	-	-	-	0	0	0	0	0	0	0	0	0	0	0	0	0	0	0	0	0	0	0	0	0	0	0	0	0
/input/intro-notes/StructureDefinition-mii-pr-onko-tnm-r-symbol-intro.md	1082	-	-	-	0	0	0	0	0	0	0	0	0	0	0	0	0	0	0	0	0	0	0	0	0	0	0	0	0
/input/intro-notes/StructureDefinition-mii-pr-onko-asa-klassifikation-intro.md	2916	-	-	-	0	0	0	0	0	0	0	0	0	0	0	0	0	0	0	0	0	0	0	0	0	0	0	0	0
/input/intro-notes/StructureDefinition-mii-pr-onko-melanom-sicherheitsabstand-intro.md	3028	-	-	-	0	0	0	0	0	0	0	0	0	0	0	0	0	0	0	0	0	0	0	0	0	0	0	0	0
/input/intro-notes/StructureDefinition-mii-ex-onko-strahlentherapie-stellungzurop-intro.md	112	-	-	-	0	0	0	0	0	0	0	0	0	0	0	0	0	0	0	0	0	0	1	0	0	0	0	0	0
/input/intro-notes/StructureDefinition-mii-pr-onko-fruehere-tumorerkrankung-intro.md	6136	-	-	-	0	0	0	0	0	0	0	0	0	0	0	0	0	0	0	0	0	0	0	0	0	0	0	0	0
/input/intro-notes/StructureDefinition-mii-ex-onko-strahlentherapie-bestrahlung-gesamtdosis-intro.md	319	-	-	-	0	0	0	0	0	0	0	0	0	0	0	0	0	0	0	0	0	0	0	0	0	0	0	0	0
/input/intro-notes/ConceptMap-mii-cm-onko-verlauf-primaertumor-sct-intro.md	404	-	-	-	0	0	0	0	0	0	0	0	0	0	0	0	0	0	0	0	0	0	0	0	0	0	0	0	0
/input/intro-notes/StructureDefinition-mii-pr-onko-tnm-l-kategorie-intro.md	1113	-	-	-	0	0	0	0	0	0	0	0	0	0	0	0	0	0	0	0	0	0	0	0	0	0	0	0	0
/input/intro-notes/StructureDefinition-mii-pr-onko-nebenwirkung-adverse-event-intro.md	1623	-	-	-	0	0	0	0	0	0	0	0	0	0	0	0	0	0	0	0	0	0	0	0	0	0	0	0	0
/input/intro-notes/StructureDefinition-mii-pr-onko-therapieempfehlung-operation-intro.md	4932	-	-	-	0	0	0	0	0	0	0	0	0	0	0	0	0	0	0	0	0	0	0	0	0	0	0	0	0
/input/intro-notes/StructureDefinition-mii-pr-onko-grading-intro.md	3095	-	-	-	0	0	0	0	0	0	0	0	0	0	0	0	0	0	0	0	0	0	1	0	0	0	0	0	0
/input/intro-notes/ConceptMap-mii-cm-onko-verlauf-gesamtbeurteilung-sct-intro.md	364	-	-	-	0	0	0	0	0	0	0	0	0	0	0	0	0	0	0	0	0	0	0	0	0	0	0	0	0
/input/intro-notes/StructureDefinition-mii-pr-onko-mamma-her2neu-status-intro.md	5030	-	-	-	0	0	0	0	0	0	0	0	0	0	0	0	0	0	0	0	0	0	0	0	0	0	0	0	0
/input/intro-notes/StructureDefinition-mii-pr-onko-krk-stoma-markierung-intro.md	2203	-	-	-	0	0	0	0	0	0	0	0	0	0	0	0	0	0	0	0	0	0	0	0	0	0	0	0	0
/input/intro-notes/ConceptMap-mii-cm-onko-fernmetastasen-sct-intro.md	568	-	-	-	0	0	0	0	0	0	0	0	0	0	0	0	0	0	0	0	0	0	0	0	0	0	0	0	0
/input/intro-notes/ConceptMap-mii-cm-onko-genetische-variante-auspraegung-sct-intro.md	626	-	-	-	0	0	0	0	0	0	0	0	0	0	0	0	0	0	0	0	0	0	0	0	0	0	0	0	0
/input/intro-notes/StructureDefinition-mii-pr-onko-studienteilnahme-intro.md	4971	-	-	-	0	0	0	0	0	0	0	0	0	0	0	0	0	0	0	0	0	0	0	0	0	0	0	0	0
/input/intro-notes/StructureDefinition-mii-pr-onko-tnm-y-symbol-intro.md	1135	-	-	-	0	0	0	0	0	0	0	0	0	0	0	0	0	0	0	0	0	0	0	0	0	0	0	0	0
/input/intro-notes/StructureDefinition-mii-pr-onko-prostate-anzahl-positive-stanzen-intro.md	1839	-	-	-	0	0	0	0	0	0	0	0	0	0	0	0	0	0	0	0	0	0	0	0	0	0	0	0	0
/input/intro-notes/StructureDefinition-mii-pr-onko-strahlentherapie-intro.md	6676	-	-	-	0	0	0	0	0	0	0	0	0	0	0	0	0	0	0	0	0	0	1	0	0	0	0	0	0
/input/intro-notes/ConceptMap-mii-cm-onko-strahlentherapie-boost-sct-intro.md	407	-	-	-	0	0	0	0	0	0	0	0	0	0	0	0	0	0	0	0	0	0	0	0	0	0	0	0	0
/input/pagecontent/logical-models.md	2744	-	-	-	0	0	0	0	0	0	0	0	0	0	0	0	0	0	0	0	0	0	0	0	0	0	0	0	0
/input/pagecontent/examples.md	552	-	-	-	0	0	0	0	0	0	0	0	0	0	0	0	0	0	0	0	0	0	0	0	0	0	0	0	0
/input/pagecontent/changes.md	35208	-	-	-	0	0	0	0	0	0	0	0	0	0	0	0	0	0	0	0	0	0	1	0	0	0	0	0	0
/input/pagecontent/guidance.md	25268	-	-	-	0	0	0	0	0	0	0	0	0	0	0	0	0	0	0	0	0	0	1	0	0	0	0	0	0
/input/pagecontent/code-systems.md	7051	-	-	-	0	0	0	0	0	0	0	0	0	0	0	0	0	0	0	0	0	0	1	0	0	0	0	0	0
/input/pagecontent/researcher-guidance.md	1302	-	-	-	0	0	0	0	0	0	0	0	0	0	0	0	0	0	0	0	0	0	0	0	0	0	0	0	0
/input/pagecontent/profiles.md	22440	-	-	-	0	0	0	0	0	0	0	0	0	0	0	0	0	0	0	0	0	0	1	0	0	0	0	0	0
/input/pagecontent/search-parameters.md	1403	-	-	-	0	0	0	0	0	0	0	0	0	0	0	0	0	0	0	0	0	0	0	0	0	0	0	0	0
/input/pagecontent/index.md	8238	-	-	-	0	0	0	0	0	0	0	0	0	0	0	0	0	0	0	0	0	0	0	0	0	0	0	0	0
/input/pagecontent/value-sets.md	16708	-	-	-	0	0	0	0	0	0	0	0	0	0	0	0	0	0	0	0	0	0	1	0	0	0	0	0	0
/input/pagecontent/translationinfo.md	988	-	-	-	0	0	0	0	0	0	0	0	0	0	0	0	0	0	0	0	0	0	0	0	0	0	0	0	0
/input/pagecontent/extensions.md	1997	-	-	-	0	0	0	0	0	0	0	0	0	0	0	0	0	0	0	0	0	0	0	0	0	0	0	0	0
/input/pagecontent/ImplementationGuide-mii-ig-onko-de-v2026.md	3506	-	-	-	0	0	0	0	0	0	0	0	0	0	0	0	0	0	0	0	0	0	0	0	0	0	0	0	0
/input/pagecontent/operations.md	1335	-	-	-	0	0	0	0	0	0	0	0	0	0	0	0	0	0	0	0	0	0	1	0	0	0	0	0	0
/input/pagecontent/downloads.md	3286	-	-	-	0	0	0	0	0	0	0	0	0	0	0	0	0	0	0	0	0	0	0	0	0	0	0	0	0
/input/pagecontent/security-and-privacy.md	4331	-	-	-	0	0	0	0	0	0	0	0	0	0	0	0	0	0	0	0	0	0	0	0	0	0	0	0	0
/input/pagecontent/metadata.md	21868	-	-	-	0	0	0	0	0	0	0	0	0	0	0	0	0	0	0	0	0	0	1	0	0	0	0	0	0
/input/pagecontent/implementer-guidance.md	14839	-	-	-	0	0	0	0	0	0	0	0	0	0	0	0	0	0	0	0	0	0	1	0	0	0	0	0	0
/input/pagecontent/version-history.md	4505	-	-	-	0	0	0	0	0	0	0	0	0	0	0	0	0	0	0	0	0	0	0	0	0	0	0	0	0
/input/pagecontent/uml-diagrams.md	492	-	-	-	0	0	0	0	0	0	0	0	0	0	0	0	0	0	0	0	0	0	0	0	0	0	0	0	0
/input/pagecontent/capability-statements.md	1836	-	-	-	0	0	0	0	0	0	0	0	0	0	0	0	0	0	0	0	0	0	0	0	0	0	0	0	0
/input/intro-notes	0	-	-	-	0	0	0	0	0	0	0	0	0	0	0	0	0	0	0	0	0	0	0	0	0	0	0	0	0
/input/intro-notes/ConceptMap-mii-cm-onko-seitenlokalisation-sct-intro.md	345	-	-	-	0	0	0	0	0	0	0	0	0	0	0	0	0	0	0	0	0	0	0	0	0	0	0	0	0
/input/intro-notes/StructureDefinition-mii-pr-onko-befund-intro.md	1665	-	-	-	0	0	0	0	0	0	0	0	0	0	0	0	0	0	0	0	0	0	0	0	0	0	0	0	0
/input/intro-notes/ConceptMap-mii-cm-onko-allgemeiner-leistungszustand-sct-intro.md	569	-	-	-	0	0	0	0	0	0	0	0	0	0	0	0	0	0	0	0	0	0	0	0	0	0	0	0	0
/input/intro-notes/StructureDefinition-mii-pr-onko-melanom-ldh-intro.md	2755	-	-	-	0	0	0	0	0	0	0	0	0	0	0	0	0	0	0	0	0	0	1	0	0	0	0	0	0
/input/intro-notes/StructureDefinition-mii-pr-onko-krk-mrt-mesorektale-faszie-intro.md	3209	-	-	-	0	0	0	0	0	0	0	0	0	0	0	0	0	0	0	0	0	0	0	0	0	0	0	0	0
/input/intro-notes/ConceptMap-mii-cm-onko-strahlentherapie-strahlenart-sct-intro.md	447	-	-	-	0	0	0	0	0	0	0	0	0	0	0	0	0	0	0	0	0	0	0	0	0	0	0	0	0
/input/intro-notes/StructureDefinition-mii-pr-onko-fernmetastasen-intro.md	2687	-	-	-	0	0	0	0	0	0	0	0	0	0	0	0	0	0	0	0	0	0	0	0	0	0	0	0	0
/input/intro-notes/ConceptMap-mii-cm-onko-operation-komplikation-sct-intro.md	420	-	-	-	0	0	0	0	0	0	0	0	0	0	0	0	0	0	0	0	0	0	0	0	0	0	0	0	0
/input/intro-notes/StructureDefinition-mii-pr-onko-systemische-therapie-medikation-intro.md	2015	-	-	-	0	0	0	0	0	0	0	0	0	0	0	0	0	0	0	0	0	0	0	0	0	0	0	0	0
/input/intro-notes/ConceptMap-mii-cm-onko-verlauf-fernmetastasen-sct-intro.md	431	-	-	-	0	0	0	0	0	0	0	0	0	0	0	0	0	0	0	0	0	0	0	0	0	0	0	0	0
/input/intro-notes/ConceptMap-mii-cm-onko-therapieplanung-sct-intro.md	375	-	-	-	0	0	0	0	0	0	0	0	0	0	0	0	0	0	0	0	0	0	0	0	0	0	0	0	0
/input/intro-notes/ConceptMap-mii-cm-onko-strahlentherapie-zielgebiet-sct-intro.md	571	-	-	-	0	0	0	0	0	0	0	0	0	0	0	0	0	0	0	0	0	0	0	0	0	0	0	0	0
/input/intro-notes/StructureDefinition-mii-pr-onko-residualstatus-intro.md	1977	-	-	-	0	0	0	0	0	0	0	0	0	0	0	0	0	0	0	0	0	0	1	0	0	0	0	0	0
/input/intro-notes/StructureDefinition-mii-pr-onko-prostate-clavien-dindo-intro.md	3028	-	-	-	0	0	0	0	0	0	0	0	0	0	0	0	0	0	0	0	0	0	0	0	0	0	0	0	0
/input/intro-notes/StructureDefinition-mii-pr-onko-tnm-m-symbol-intro.md	1326	-	-	-	0	0	0	0	0	0	0	0	0	0	0	0	0	0	0	0	0	0	0	0	0	0	0	0	0
/input/intro-notes/StructureDefinition-mii-pr-onko-strahlentherapie-bestrahlung-nuklearmedizin-intro.md	2304	-	-	-	0	0	0	0	0	0	0	0	0	0	0	0	0	0	0	0	0	0	0	0	0	0	0	0	0
/input/intro-notes/ConceptMap-mii-cm-onko-therapie-ende-sct-intro.md	516	-	-	-	0	0	0	0	0	0	0	0	0	0	0	0	0	0	0	0	0	0	0	0	0	0	0	0	0
/input/intro-notes/StructureDefinition-mii-pr-onko-anzahl-befallene-sentinel-lymphknoten-intro.md	4515	-	-	-	0	0	0	0	0	0	0	0	0	0	0	0	0	0	0	0	0	0	0	0	0	0	0	0	0
/input/intro-notes/StructureDefinition-mii-pr-onko-tnm-a-symbol-intro.md	1138	-	-	-	0	0	0	0	0	0	0	0	0	0	0	0	0	0	0	0	0	0	0	0	0	0	0	0	0
/input/intro-notes/StructureDefinition-mii-pr-onko-mamma-operation-intro.md	3836	-	-	-	0	0	0	0	0	0	0	0	0	0	0	0	0	0	0	0	0	0	0	0	0	0	0	0	0
/input/intro-notes/StructureDefinition-mii-pr-onko-tnm-pn-kategorie-intro.md	1104	-	-	-	0	0	0	0	0	0	0	0	0	0	0	0	0	0	0	0	0	0	1	0	0	0	0	0	0
/input/intro-notes/StructureDefinition-mii-pr-onko-tumorgroesse-intro.md	3294	-	-	-	0	0	0	0	0	0	0	0	0	0	0	0	0	0	0	0	0	0	0	0	0	0	0	0	0
/input/intro-notes/StructureDefinition-mii-pr-onko-tnm-klassifikation-intro.md	1427	-	-	-	0	0	0	0	0	0	0	0	0	0	0	0	0	0	0	0	0	0	0	0	0	0	0	0	0
/input/intro-notes/StructureDefinition-mii-pr-onko-prostate-ca-befall-stanze-intro.md	2354	-	-	-	0	0	0	0	0	0	0	0	0	0	0	0	0	0	0	0	0	0	0	0	1	0	0	0	0
/input/intro-notes/ConceptMap-mii-cm-onko-strahlentherapie-strahleneinheit-sct-intro.md	363	-	-	-	0	0	0	0	0	0	0	0	0	0	0	0	0	0	0	0	0	0	0	0	0	0	0	0	0
/input/intro-notes/StructureDefinition-mii-pr-onko-tnm-v-kategorie-intro.md	1120	-	-	-	0	0	0	0	0	0	0	0	0	0	0	0	0	0	0	0	0	0	0	0	0	0	0	0	0
/input/intro-notes/StructureDefinition-mii-ex-onko-strahlentherapie-bestrahlung-seitenlokalisation-intro.md	363	-	-	-	0	0	0	0	0	0	0	0	0	0	0	0	0	0	0	0	0	0	0	0	0	0	0	0	0
/input/intro-notes/StructureDefinition-mii-ex-onko-operation-intention-intro.md	326	-	-	-	0	0	0	0	0	0	0	0	0	0	0	0	0	0	0	0	0	0	0	0	0	0	0	0	0
/input/intro-notes/StructureDefinition-mii-pr-onko-allgemeiner-leistungszustand-karnofsky-intro.md	3992	-	-	-	0	0	0	0	0	0	0	0	0	0	0	0	0	0	0	0	0	0	0	0	0	0	0	0	0
/input/intro-notes/StructureDefinition-mii-ex-onko-histology-morphology-behavior-icdo3-intro.md	1351	-	-	-	0	0	0	0	0	0	0	0	0	0	0	0	0	0	0	0	0	0	0	0	0	0	0	0	0
/input/intro-notes/ConceptMap-mii-cm-onko-primaertumor-diagnosesicherung-sct-intro.md	472	-	-	-	0	0	0	0	0	0	0	0	0	0	0	0	0	0	0	0	0	0	1	0	0	0	0	0	0
/input/intro-notes/StructureDefinition-mii-pr-onko-prostate-psa-intro.md	2098	-	-	-	0	0	0	0	0	0	0	0	0	0	0	0	0	0	0	0	0	0	0	0	0	0	0	0	0
/input/intro-notes/StructureDefinition-mii-pr-onko-mamma-menopause-status-intro.md	2310	-	-	-	0	0	0	0	0	0	0	0	0	0	0	0	0	0	0	0	0	0	0	0	0	0	0	0	0
/input/intro-notes/StructureDefinition-mii-pr-onko-systemische-therapie-intro.md	5409	-	-	-	0	0	0	0	0	0	0	0	0	0	0	0	0	0	0	0	0	0	0	0	0	0	0	0	0
/input/intro-notes/ConceptMap-mii-cm-onko-therapie-stellung-sct-intro.md	351	-	-	-	0	0	0	0	0	0	0	0	0	0	0	0	0	0	0	0	0	0	0	0	0	0	0	0	0
/input/intro-notes/StructureDefinition-mii-pr-onko-therapieempfehlung-medikation-intro.md	5567	-	-	-	0	0	0	0	0	0	0	0	0	0	0	0	0	0	0	0	0	0	0	0	0	0	0	0	0
/input/intro-notes/StructureDefinition-mii-ex-onko-strahlentherapie-bestrahlung-boost-intro.md	270	-	-	-	0	0	0	0	0	0	0	0	0	0	0	0	0	0	0	0	0	0	0	0	0	0	0	0	0
/input/intro-notes/StructureDefinition-mii-pr-onko-genetische-variante-intro.md	7461	-	-	-	0	0	0	0	0	0	0	0	0	0	0	0	0	0	0	0	0	0	1	0	0	0	0	0	0
/input/intro-notes/StructureDefinition-mii-pr-onko-operation-intro.md	8151	-	-	-	0	0	0	0	0	0	0	0	0	0	0	0	0	0	0	0	0	0	0	0	0	0	0	0	0
/input/intro-notes/StructureDefinition-mii-pr-onko-strahlentherapie-bestrahlung-strahlentherapie-intro.md	1580	-	-	-	0	0	0	0	0	0	0	0	0	0	0	0	0	0	0	0	0	0	0	0	0	0	0	0	0
/input/intro-notes/StructureDefinition-mii-pr-onko-allgemeiner-leistungszustand-ecog-intro.md	4176	-	-	-	0	0	0	0	0	0	0	0	0	0	0	0	0	0	0	0	0	0	0	0	0	0	0	0	0
/input/intro-notes/StructureDefinition-mii-pr-onko-prostate-gleason-grade-group-intro.md	2582	-	-	-	0	0	0	0	0	0	0	0	0	0	0	0	0	0	0	0	0	0	0	0	0	0	0	0	0
/input/intro-notes/ConceptMap-mii-cm-onko-strahlentherapie-applikationsart-sct-intro.md	515	-	-	-	0	0	0	0	0	0	0	0	0	0	0	0	0	0	0	0	0	0	0	0	0	0	0	0	0
/input/intro-notes/StructureDefinition-mii-pr-onko-tumorkonferenz-intro.md	8161	-	-	-	0	0	0	0	0	0	0	0	0	0	0	0	0	0	0	0	0	0	1	0	0	0	0	0	0
/input/intro-notes/ConceptMap-mii-cm-onko-residualstatus-uicc-sct-intro.md	491	-	-	-	0	0	0	0	0	0	0	0	0	0	0	0	0	0	0	0	0	0	0	0	0	0	0	0	0
/input/intro-notes/StructureDefinition-mii-ex-onko-strahlentherapie-bestrahlung-einzeldosis-intro.md	347	-	-	-	0	0	0	0	0	0	0	0	0	0	0	0	0	0	0	0	0	0	0	0	0	0	0	0	0
/input/intro-notes/StructureDefinition-mii-pr-onko-krk-abstand-anokutan-intro.md	2325	-	-	-	0	0	0	0	0	0	0	0	0	0	0	0	0	0	0	0	0	0	0	0	0	0	0	0	0
/input/intro-notes/StructureDefinition-mii-pr-onko-mamma-praeoperative-markierung-intro.md	3177	-	-	-	0	0	0	0	0	0	0	0	0	0	0	0	0	0	0	0	0	0	0	0	0	0	0	0	0
/input/intro-notes/StructureDefinition-mii-ex-onko-tnm-cp-praefix-intro.md	764	-	-	-	0	0	0	0	0	0	0	0	0	0	0	0	0	0	0	0	0	0	0	0	0	0	0	0	0
/input/intro-notes/StructureDefinition-mii-ex-onko-strahlentherapie-intention-intro.md	109	-	-	-	0	0	0	0	0	0	0	0	0	0	0	0	0	0	0	0	0	0	0	0	0	0	0	0	0
/input/intro-notes/StructureDefinition-mii-ex-onko-operation-urgency-intro.md	1653	-	-	-	0	0	0	0	0	0	0	0	0	0	0	0	0	0	0	0	0	0	0	0	0	0	0	0	0
/input/intro-notes/ConceptMap-mii-cm-onko-tnm-uicc-sct-clinical-intro.md	668	-	-	-	0	0	0	0	0	0	0	0	0	0	0	0	0	0	0	0	0	0	1	0	0	0	0	0	0
/input/intro-notes/StructureDefinition-mii-pr-onko-anzahl-befallene-lymphknoten-intro.md	4506	-	-	-	0	0	0	0	0	0	0	0	0	0	0	0	0	0	0	0	0	0	0	0	0	0	0	0	0
/input/intro-notes/StructureDefinition-mii-pr-onko-weitere-klassifikationen-intro.md	6084	-	-	-	0	0	0	0	0	0	0	0	0	0	0	0	0	0	0	0	0	0	0	0	0	0	0	0	0
/input/intro-notes/ConceptMap-mii-cm-onko-therapie-typ-sct-intro.md	410	-	-	-	0	0	0	0	0	0	0	0	0	0	0	0	0	0	0	0	0	0	0	0	0	0	0	0	0
/input/intro-notes/StructureDefinition-mii-pr-onko-melanom-breslow-tiefe-intro.md	2420	-	-	-	0	0	0	0	0	0	0	0	0	0	0	0	0	0	0	0	0	0	0	0	0	0	0	0	0
/input/intro-notes/StructureDefinition-mii-pr-onko-therapieempfehlung-kombinationstherapie-intro.md	5533	-	-	-	0	0	0	0	0	0	0	0	0	0	0	0	0	0	0	0	0	0	1	0	0	0	0	0	0
/input/intro-notes/StructureDefinition-mii-pr-onko-verlauf-intro.md	5525	-	-	-	0	0	0	0	0	0	0	0	0	0	0	0	0	0	0	0	0	0	0	0	0	0	0	0	0
/input/intro-notes/ConceptMap-mii-cm-onko-intention-sct-intro.md	408	-	-	-	0	0	0	0	0	0	0	0	0	0	0	0	0	0	0	0	0	0	0	0	0	0	0	0	0
/input/intro-notes/StructureDefinition-mii-pr-onko-krk-specimen-intro.md	2074	-	-	-	0	0	0	0	0	0	0	0	0	0	0	0	0	0	0	0	0	0	0	0	0	0	0	0	0
/input/intro-notes/StructureDefinition-mii-pr-onko-anzahl-untersuchte-sentinel-lymphknoten-intro.md	4515	-	-	-	0	0	0	0	0	0	0	0	0	0	0	0	0	0	0	0	0	0	0	0	0	0	0	0	0
/input/intro-notes/StructureDefinition-mii-pr-onko-histologie-icdo3-intro.md	3828	-	-	-	0	0	0	0	0	0	0	0	0	0	0	0	0	0	0	0	0	0	0	0	0	0	0	0	0
/input/intro-notes/StructureDefinition-mii-pr-onko-krk-abstand-aboral-intro.md	2402	-	-	-	0	0	0	0	0	0	0	0	0	0	0	0	0	0	0	0	0	0	0	0	0	0	0	0	0
/input/intro-notes/ConceptMap-mii-cm-onko-grading-sct-intro.md	279	-	-	-	0	0	0	0	0	0	0	0	0	0	0	0	0	0	0	0	0	0	0	0	0	0	0	0	0
/input/intro-notes/StructureDefinition-mii-pr-onko-tnm-n-kategorie-intro.md	1180	-	-	-	0	0	0	0	0	0	0	0	0	0	0	0	0	0	0	0	0	0	1	0	0	0	0	0	0
/input/intro-notes/Bundle-mii-exa-onko-melanom-bundle-intro.md	4075	-	-	-	0	0	0	0	0	0	0	0	0	0	0	0	0	0	0	0	0	0	0	0	0	0	0	0	0
/input/intro-notes/Bundle-mii-exa-onko-krk-bundle-intro.md	5108	-	-	-	0	0	0	0	0	0	0	0	0	0	0	0	0	0	0	0	0	0	0	0	0	0	0	0	0
/input/intro-notes/StructureDefinition-mii-pr-onko-krk-anastomoseninsuffizienz-intro.md	2395	-	-	-	0	0	0	0	0	0	0	0	0	0	0	0	0	0	0	0	0	0	0	0	0	0	0	0	0
/input/intro-notes/StructureDefinition-mii-pr-onko-diagnose-primaertumor-intro.md	6428	-	-	-	0	0	0	0	0	0	0	0	0	0	0	0	0	0	0	0	0	0	0	0	0	0	0	0	1
/input/intro-notes/Bundle-mii-exa-onko-mamma-example-bundle-1-intro.md	3472	-	-	-	0	0	0	0	0	0	0	0	0	0	0	0	0	0	0	0	0	0	1	0	0	0	0	0	0
/input/intro-notes/StructureDefinition-mii-pr-onko-prostate-anzahl-stanzen-intro.md	1688	-	-	-	0	0	0	0	0	0	0	0	0	0	0	0	0	0	0	0	0	0	0	0	0	0	0	0	0
/input/intro-notes/StructureDefinition-mii-pr-onko-tnm-m-kategorie-intro.md	1181	-	-	-	0	0	0	0	0	0	0	0	0	0	0	0	0	0	0	0	0	0	0	0	0	0	0	0	0
/input/intro-notes/StructureDefinition-mii-pr-onko-specimen-intro.md	1746	-	-	-	0	0	0	0	0	0	0	0	0	0	0	0	0	0	0	0	0	0	0	0	0	0	0	0	0
/input/intro-notes/ConceptMap-mii-cm-onko-studienteilnahme-sct-intro.md	517	-	-	-	0	0	0	0	0	0	0	0	0	0	0	0	0	0	0	0	0	0	0	0	0	0	0	0	0
/input/intro-notes/ConceptMap-mii-cm-onko-nebenwirkung-sct-intro.md	326	-	-	-	0	0	0	0	0	0	0	0	0	0	0	0	0	0	0	0	0	0	0	0	0	0	0	0	0
/input/intro-notes/ConceptMap-mii-cm-onko-tod-sct-intro.md	385	-	-	-	0	0	0	0	0	0	0	0	0	0	0	0	0	0	0	0	0	0	0	0	0	0	0	0	0
/input/intro-notes/ConceptMap-mii-cm-onko-therapieabweichung-sct-intro.md	358	-	-	-	0	0	0	0	0	0	0	0	0	0	0	0	0	0	0	0	0	0	0	0	0	0	0	0	0
/input/intro-notes/StructureDefinition-mii-pr-onko-krk-abstand-circumferelle-resektionsebene-intro.md	2659	-	-	-	0	0	0	0	0	0	0	0	0	0	0	0	0	0	0	0	0	0	0	0	0	0	0	0	0
/input/intro-notes/StructureDefinition-mii-pr-onko-tnm-s-kategorie-intro.md	1150	-	-	-	0	0	0	0	0	0	0	0	0	0	0	0	0	0	0	0	0	0	0	0	0	0	0	0	0
/input/intro-notes/StructureDefinition-mii-pr-onko-tod-intro.md	4666	-	-	-	0	0	0	0	0	0	0	0	0	0	0	0	0	0	0	0	0	0	1	0	0	0	0	0	0
/input/intro-notes/StructureDefinition-mii-pr-onko-mamma-rezeptorstatus-progesteron-intro.md	3723	-	-	-	0	0	0	0	0	0	0	0	0	0	0	0	0	0	0	0	0	0	0	0	0	0	0	0	0
/input/intro-notes/StructureDefinition-mii-pr-onko-tnm-t-kategorie-intro.md	1124	-	-	-	0	0	0	0	0	0	0	0	0	0	0	0	0	0	0	0	0	0	0	0	0	0	0	0	0
/input/intro-notes/StructureDefinition-mii-pr-onko-mamma-rezeptorstatus-estrogen-intro.md	3666	-	-	-	0	0	0	0	0	0	0	0	0	0	0	0	0	0	0	0	0	0	0	0	0	0	0	0	0
/input/intro-notes/StructureDefinition-mii-pr-onko-melanom-ulzeration-intro.md	2616	-	-	-	0	0	0	0	0	0	0	0	0	0	0	0	0	0	0	0	0	0	0	0	0	0	0	0	0
/input/intro-notes/StructureDefinition-mii-pr-onko-krk-operation-intro.md	2060	-	-	-	0	0	0	0	0	0	0	0	0	0	0	0	0	0	0	0	0	0	0	0	0	0	0	0	0
/input/intro-notes/StructureDefinition-mii-pr-onko-liste-evidenz-erstdiagnose-intro.md	1943	-	-	-	0	0	0	0	0	0	0	0	0	0	0	0	0	0	0	0	0	0	0	0	0	0	0	0	0
/input/intro-notes/ConceptMap-mii-cm-onko-verlauf-lymphknoten-sct-intro.md	322	-	-	-	0	0	0	0	0	0	0	0	0	0	0	0	0	0	0	0	0	0	0	0	0	0	0	0	0
/input/intro-notes/StructureDefinition-mii-pr-onko-prostate-gleason-patterns-intro.md	2320	-	-	-	0	0	0	0	0	0	0	0	0	0	0	0	0	0	0	0	0	0	0	0	0	0	0	0	0
/input/intro-notes/StructureDefinition-mii-pr-onko-anzahl-untersuchte-lymphknoten-intro.md	4506	-	-	-	0	0	0	0	0	0	0	0	0	0	0	0	0	0	0	0	0	0	1	0	0	0	0	0	0
/input/intro-notes/ConceptMap-mii-cm-onko-tnm-uicc-sct-pathological-intro.md	680	-	-	-	0	0	0	0	0	0	0	0	0	0	0	0	0	0	0	0	0	0	0	0	0	0	0	0	0
/input/intro-notes/StructureDefinition-mii-pr-onko-tnm-r-symbol-intro.md	1082	-	-	-	0	0	0	0	0	0	0	0	0	0	0	0	0	0	0	0	0	0	0	0	0	0	0	0	0
/input/intro-notes/StructureDefinition-mii-pr-onko-asa-klassifikation-intro.md	2916	-	-	-	0	0	0	0	0	0	0	0	0	0	0	0	0	0	0	0	0	0	0	0	0	0	0	0	0
/input/intro-notes/StructureDefinition-mii-pr-onko-melanom-sicherheitsabstand-intro.md	3028	-	-	-	0	0	0	0	0	0	0	0	0	0	0	0	0	0	0	0	0	0	0	0	0	0	0	0	0
/input/intro-notes/StructureDefinition-mii-ex-onko-strahlentherapie-stellungzurop-intro.md	112	-	-	-	0	0	0	0	0	0	0	0	0	0	0	0	0	0	0	0	0	0	0	0	0	0	0	0	0
/input/intro-notes/StructureDefinition-mii-pr-onko-fruehere-tumorerkrankung-intro.md	6136	-	-	-	0	0	0	0	0	0	0	0	0	0	0	0	0	0	0	0	0	0	0	0	0	0	0	0	0
/input/intro-notes/StructureDefinition-mii-ex-onko-strahlentherapie-bestrahlung-gesamtdosis-intro.md	319	-	-	-	0	0	0	0	0	0	0	0	0	0	0	0	0	0	0	0	0	0	0	0	0	0	0	0	0
/input/intro-notes/ConceptMap-mii-cm-onko-verlauf-primaertumor-sct-intro.md	404	-	-	-	0	0	0	0	0	0	0	0	0	0	0	0	0	0	0	0	0	0	1	0	0	0	0	0	0
/input/intro-notes/StructureDefinition-mii-pr-onko-tnm-l-kategorie-intro.md	1113	-	-	-	0	0	0	0	0	0	0	0	0	0	0	0	0	0	0	0	0	0	0	0	0	0	0	0	0
/input/intro-notes/StructureDefinition-mii-pr-onko-nebenwirkung-adverse-event-intro.md	1623	-	-	-	0	0	0	0	0	0	0	0	0	0	0	0	0	0	0	0	0	0	0	0	0	0	0	0	0
/input/intro-notes/StructureDefinition-mii-pr-onko-therapieempfehlung-operation-intro.md	4932	-	-	-	0	0	0	0	0	0	0	0	0	0	0	0	0	0	0	0	0	0	0	0	0	0	0	0	0
/input/intro-notes/StructureDefinition-mii-pr-onko-grading-intro.md	3095	-	-	-	0	0	0	0	0	0	0	0	0	0	0	0	0	0	0	0	0	0	0	0	0	0	0	0	0
/input/intro-notes/ConceptMap-mii-cm-onko-verlauf-gesamtbeurteilung-sct-intro.md	364	-	-	-	0	0	0	0	0	0	0	0	0	0	0	0	0	0	0	0	0	0	0	0	0	0	0	0	0
/input/intro-notes/StructureDefinition-mii-pr-onko-mamma-her2neu-status-intro.md	5030	-	-	-	0	0	0	0	0	0	0	0	0	0	0	0	0	0	0	0	0	0	0	0	0	0	0	0	0
/input/intro-notes/StructureDefinition-mii-pr-onko-krk-stoma-markierung-intro.md	2203	-	-	-	0	0	0	0	0	0	0	0	0	0	0	0	0	0	0	0	0	0	1	0	0	0	0	0	0
/input/intro-notes/ConceptMap-mii-cm-onko-fernmetastasen-sct-intro.md	568	-	-	-	0	0	0	0	0	0	0	0	0	0	0	0	0	0	0	0	0	0	0	0	0	0	0	0	0
/input/intro-notes/ConceptMap-mii-cm-onko-genetische-variante-auspraegung-sct-intro.md	626	-	-	-	0	0	0	0	0	0	0	0	0	0	0	0	0	0	0	0	0	0	0	0	0	0	0	0	0
/input/intro-notes/StructureDefinition-mii-pr-onko-studienteilnahme-intro.md	4971	-	-	-	0	0	0	0	0	0	0	0	0	0	0	0	0	0	0	0	0	0	0	0	0	0	0	0	0
/input/intro-notes/StructureDefinition-mii-pr-onko-tnm-y-symbol-intro.md	1135	-	-	-	0	0	0	0	0	0	0	0	0	0	0	0	0	0	0	0	0	0	0	0	0	0	0	0	0
/input/intro-notes/StructureDefinition-mii-pr-onko-prostate-anzahl-positive-stanzen-intro.md	1839	-	-	-	0	0	0	0	0	0	0	0	0	0	0	0	0	0	0	0	0	0	0	0	0	0	0	0	0
/input/intro-notes/StructureDefinition-mii-pr-onko-strahlentherapie-intro.md	6676	-	-	-	0	0	0	0	0	0	0	0	0	0	0	0	0	0	0	0	0	0	0	0	0	0	0	0	0
/input/intro-notes/ConceptMap-mii-cm-onko-strahlentherapie-boost-sct-intro.md	407	-	-	-	0	0	0	0	0	0	0	0	0	0	0	0	0	0	0	0	0	0	0	0	0	0	0	0	0
/template/config	0	-	-	-	0	0	0	0	0	0	0	0	0	0	0	0	0	0	0	0	0	0	1	0	0	0	0	0	0
/template/config/_config.yml	140	-	-	-	0	0	0	0	0	0	0	0	0	0	0	0	0	0	0	0	0	0	0	0	0	0	0	0	0
/input/images	0	-	-	-	0	0	0	0	0	0	0	0	0	0	0	0	0	0	0	0	0	0	0	0	0	0	0	0	0
/temp/pages/_includes/artifacts.xml	308223	-	-	-	-	-	-	-	-	-	-	-	-	-	-	-	-	-	-	-	-	-	8	0	0	0	0	0	0
